cam_track,h,h_s,v_cam,radar_x,cam_ids_in_window,dt
95,69.4554,69.4566,,62.1250,6,-17.0047
95,69.6939,69.4560,,62.1250,6,-16.9547
95,69.4566,69.4566,,60.0000,6,-16.9047
95,69.4102,69.4566,,60.0000,6,-16.8547
95,69.6779,69.4476,,63.5625,6,-16.8047
95,69.4476,69.4102,,63.5625,6,-16.7547
95,69.1225,69.4476,,63.7500,6,-16.7047
95,69.1026,69.4476,,60.2500,6,-16.6547
95,70.4841,70.4841,,61.8750,6,-16.6047
95,71.2264,71.2031,,61.8750,6,-16.5547
95,71.2031,71.2031,-1.9641,66.4375,6,-16.5046
95,71.4324,71.2031,-1.9647,66.4375,6,-16.4547
95,70.6128,70.8445,-1.9822,66.4375,6,-16.4047
95,70.7129,70.7129,-1.9075,63.8750,6,-16.3547
95,70.8445,70.7129,-1.9160,63.8750,6,-16.3047
95,70.0442,70.8445,-1.5368,62.5000,6,-16.2547
95,71.2675,71.2675,-1.5039,62.5000,6,-16.2047
95,71.9519,71.2675,-1.5039,62.5000,6,-16.1547
95,72.0551,71.2675,-1.5440,59.1250,6,-16.1047
95,71.2394,71.4933,-1.4449,62.0000,6,-16.0547
95,71.2218,71.4933,-1.4449,62.0000,6,-16.0047
95,71.4933,71.4933,-1.6341,62.4375,6,-15.9547
95,71.5124,71.5124,-1.9416,62.4375,6,-15.9047
95,72.3128,71.5124,-1.9649,62.3750,6,-15.8547
95,71.8062,71.5124,-1.9649,62.3750,6,-15.8047
95,71.1520,71.1819,-1.9322,62.1250,6,-15.7047
95,71.1819,71.1819,-1.4794,61.9375,6,-15.6547
95,71.0441,71.1819,-1.5869,61.9375,6,-15.6047
95,72.3937,72.3937,-1.6313,58.2500,6,-15.5547
95,72.9243,72.9243,-1.5944,60.6250,6,-15.5047
95,73.3232,72.9243,-1.7013,61.6875,6,-15.4546
95,73.2670,73.1392,-2.0021,61.6875,6,-15.4047
95,72.7804,73.1392,-2.0988,57.8750,6,-15.3547
95,73.1392,73.0336,-2.1481,57.8750,6,-15.3046
95,73.0336,73.0336,-2.1851,58.3125,6,-15.2546
95,72.9403,73.1392,-3.1316,58.3125,6,-15.2047
95,73.1637,73.0336,-3.0886,55.6875,6,-15.1547
95,73.3394,73.1637,-3.2275,55.6875,6,-15.1046
95,72.9672,73.3394,-2.5907,56.3125,6,-15.0547
95,73.5426,73.4455,-2.2235,56.3125,6,-15.0047
95,73.4455,73.5426,-2.1079,54.8750,6,-14.9547
95,73.9111,73.9111,-1.9482,54.4375,6,-14.9047
95,74.3080,74.2155,-2.0176,54.4375,6,-14.8547
95,74.2804,74.2804,-2.4828,55.0000,6,-14.8047
95,74.2155,74.3080,-2.8451,55.0000,6,-14.7546
95,75.7415,75.5980,-2.7372,54.2500,6,-14.5547
95,75.5980,75.7415,-2.6933,54.3125,6,-14.5047
95,76.2353,75.9534,-2.5849,54.3750,6,-14.4547
95,76.2209,76.2209,-2.4729,54.3750,6,-14.4047
95,75.9534,76.2209,-2.4057,54.3750,6,-14.3547
95,76.2356,76.1269,-2.6633,54.3750,6,-14.3047
95,76.1269,76.1269,-2.4832,53.9375,6,-14.2547
95,75.9601,76.2356,-2.4263,54.6875,6,-14.2047
95,76.8174,76.8174,-2.3900,54.6875,6,-14.1547
95,77.4323,77.3860,-2.3726,54.6875,6,-14.1047
95,77.4020,77.3860,-1.8558,56.7500,6,-14.0547
95,77.3860,77.3860,-1.6142,54.5000,6,-13.9547
95,76.6711,77.3383,-1.3722,56.4375,6,-13.9047
95,76.2950,77.3383,-1.1552,55.3125,6,-13.8547
95,77.3383,77.3383,-1.1552,55.3125,6,-13.8047
95,77.9911,77.8701,-1.2289,55.3125,6,-13.7547
95,78.1611,77.9911,-2.0764,57.1875,6,-13.7047
95,77.8701,78.1611,-1.7840,50.9375,6,-13.6547
95,78.1687,78.1687,-1.4042,50.9375,6,-13.6047
95,78.8156,78.1687,-1.1204,50.9375,6,-13.5547
95,78.2646,78.1687,-1.0676,52.6250,6,-13.5047
95,78.0681,78.0681,-1.1210,52.6250,6,-13.4547
95,77.8651,77.8651,-1.2226,51.6250,6,-13.4047
95,77.4029,77.8651,-1.2226,51.6250,6,-13.3547
95,77.8276,77.8651,-1.1131,50.6875,6,-13.3047
95,77.8752,77.8752,-0.8432,50.6875,6,-13.2547
95,79.0071,79.0071,-0.9632,48.5000,6,-13.2047
95,79.1411,79.0071,-0.8608,48.8750,6,-13.1547
95,79.5429,79.0071,-1.0913,57.5625,6,-13.1047
95,78.9692,79.1411,-1.4689,55.9375,6,-13.0547
95,78.9759,79.0049,-1.5110,54.3750,6,-13.0047
95,79.3955,79.0049,-1.8052,54.3750,6,-12.9547
95,79.0049,79.1381,-2.2925,53.9375,6,-12.9047
95,79.1381,79.1381,-2.1711,51.0000,6,-12.8547
95,79.7740,79.0049,-2.2150,52.0625,6,-12.8047
95,78.6132,79.1381,-2.4691,52.0000,6,-12.7547
95,78.9936,79.5076,-1.6888,51.7500,6,-12.7047
95,79.6259,79.5076,-1.2424,51.7500,6,-12.6547
95,79.5076,79.6259,-1.2307,51.2500,6,-12.6047
95,80.1929,80.1929,-1.1413,51.2500,6,-12.5547
95,80.3106,80.3106,-1.2658,52.6875,6,-12.5047
95,80.6306,80.6306,-1.3170,55.5625,6,-12.4547
95,81.1514,81.1514,-1.1179,50.7500,6,-12.4047
95,81.7504,81.1514,-1.2128,50.7500,6,-12.3547
95,81.8017,81.1514,-1.6478,55.4375,6,-12.3047
95,80.5432,81.5519,-1.9567,55.4375,6,-12.2547
95,80.6511,81.5519,-1.6055,50.3750,6,-12.2047
95,81.5519,80.8714,-1.6731,52.5625,6,-12.1547
95,82.1970,80.8714,-1.5448,50.9375,6,-12.1047
95,80.8714,80.8714,-1.4876,50.9375,6,-12.0547
95,80.3816,80.8714,-1.7351,51.1875,6,-12.0047
95,80.5796,80.8488,-1.5039,50.4375,6,-11.9547
95,80.9958,80.8488,-1.4076,50.4375,6,-11.9047
95,80.8488,80.9958,-1.5244,51.1875,6,-11.8547
95,81.3240,81.3240,-1.5244,51.1875,6,-11.8047
95,81.9039,81.9039,-1.2649,51.1875,6,-11.7547
95,82.0057,82.0057,-1.1223,51.6250,6,-11.7047
95,82.4995,82.0057,-1.4997,54.0000,6,-11.6547
95,83.2708,82.0057,-1.2433,47.5000,6,-11.6047
95,81.7993,82.4995,-1.0609,45.3750,6,-11.5547
95,81.5164,82.9984,-1.0456,45.3750,6,-11.5047
95,82.9984,82.9984,-0.9391,43.6250,6,-11.4547
95,83.3802,83.3802,-0.8919,43.6250,6,-11.4046
95,83.5327,83.5327,-0.5768,47.0000,6,-11.3547
95,84.2316,83.5327,-0.3928,48.5625,6,-11.3047
95,83.7478,83.5327,-0.0354,46.5000,6,-11.2547
95,83.2924,83.2924,-0.1889,46.5000,6,-11.2047
95,83.0857,83.0857,-0.1933,47.6250,6,-11.1547
95,82.9489,82.9489,-0.2388,47.5625,6,-11.1047
95,82.6948,82.7219,0.0101,47.5625,6,-11.0547
95,82.7219,82.6948,0.3625,49.0625,6,-11.0047
95,82.5483,82.5483,0.6874,50.8125,6,-10.9547
95,82.4620,82.4620,0.7465,50.8125,6,-10.9047
95,81.9644,81.9644,1.0231,50.8125,6,-10.8547
95,81.5822,81.9644,1.2076,60.2500,6,-10.8047
95,81.9197,81.9644,1.1870,60.2500,6,-10.7547
95,82.3289,82.3289,0.7417,54.6250,6,-10.7047
95,82.6250,82.3289,0.4840,53.1875,6,-10.6547
95,82.4057,82.4057,0.3333,53.1875,6,-10.6047
95,81.8395,82.4826,0.2020,58.7500,6,-10.5547
95,82.4826,82.4057,0.0789,62.0625,6,-10.5046
95,82.7370,81.9154,-0.1121,58.7500,6,-10.4547
95,81.7904,82.1994,-0.8232,58.7500,6,-10.4047
95,81.9154,81.9154,-0.9713,53.2500,6,-10.3547
95,82.1994,81.9154,-0.9713,53.2500,6,-10.3047
95,81.5292,81.9428,-0.9585,52.3750,6,-10.2547
95,81.9428,82.1994,-0.6307,51.0000,6,-10.2047
95,82.3539,82.3539,-0.6410,52.0625,6,-10.1547
95,82.4451,82.4451,-0.6168,53.5625,6,-10.1047
95,82.5922,82.4451,-0.6157,52.7500,6,-10.0547
95,82.7096,82.5922,-0.5173,52.7500,6,-10.0047
95,82.4098,82.7096,-0.8633,57.1250,6,-9.9047
95,83.6532,83.6532,-0.7448,53.9375,6,-9.8547
95,83.6662,83.6532,-0.7284,49.1875,6,-9.7047
95,84.3689,83.6532,-0.7095,49.1875,6,-9.6547
95,83.4693,83.6580,-0.4652,51.0000,6,-9.6047
95,83.4737,83.4737,-0.2276,51.0000,6,-9.5547
95,83.6580,83.4693,-0.1408,51.1875,6,-9.5047
95,83.1750,83.4737,-0.0900,51.1875,6,-9.4547
95,83.3140,83.5657,-0.0397,51.8750,6,-9.4047
95,83.5657,83.3140,-0.0087,53.5000,6,-9.3547
95,83.7314,83.3140,-0.0323,51.0000,6,-9.3047
95,83.2442,83.4788,0.2791,51.0000,6,-9.2547
95,82.7817,83.2800,0.0913,53.7500,6,-9.2047
95,83.4788,83.2442,0.0497,53.7500,6,-9.1546
95,83.2800,82.7817,0.0470,52.3750,6,-9.1047
95,82.6100,82.6100,-0.0673,52.3750,6,-9.0547
95,82.2786,82.6073,-0.1483,57.1875,6,-9.0047
95,82.3664,82.6073,-0.1352,53.1250,6,-8.9547
95,82.6073,82.5156,0.0166,54.6250,6,-8.9047
95,82.7657,82.6073,-0.0994,54.6250,6,-8.8547
95,82.5156,82.7657,0.0816,54.6250,6,-8.8047
95,83.5151,83.1657,0.2857,51.8125,6,-8.7547
95,83.5851,83.5151,0.1580,51.6250,6,-8.7047
95,83.1657,83.5780,0.0329,51.8125,6,-8.6547
95,83.5780,83.5851,-0.2643,51.8125,6,-8.6047
95,84.0748,83.5780,-0.2722,51.8125,6,-8.5547
95,84.2047,83.6805,-0.5472,51.0000,6,-8.5047
95,83.4617,83.6805,-0.5606,52.6250,6,-8.4547
95,83.6805,83.5410,-0.3065,48.6250,6,-8.4045
95,83.5410,83.4617,-0.2543,48.6250,6,-8.3547
95,82.9146,83.1929,-0.1697,52.2500,6,-8.3047
95,82.9134,83.0327,0.2207,52.2500,6,-8.2547
95,83.1929,83.0327,0.4985,58.5625,6,-8.2047
95,83.0327,83.1929,0.5378,58.5625,6,-8.1547
95,83.6583,83.1929,0.5808,62.0625,6,-8.1047
95,83.4871,83.0327,0.6931,57.0000,6,-8.0547
95,82.8731,83.4724,0.9941,59.0625,6,-8.0047
95,83.0215,83.4670,1.1036,59.0625,6,-7.9547
95,83.4724,83.0215,1.0876,62.4375,6,-7.9047
95,83.4670,83.0273,0.9913,56.2500,6,-7.8547
95,82.8100,83.0273,0.8049,56.2500,6,-7.8047
95,83.0273,82.8251,0.8669,61.6250,6,-7.7547
95,82.8251,82.8251,1.0082,57.6250,6,-7.7047
95,82.5940,82.8332,1.3070,57.6250,6,-7.6547
95,83.1277,82.8251,1.2733,56.0000,6,-7.6047
95,82.8332,82.5940,1.0934,52.6875,6,-7.5547
95,82.1699,82.3186,1.4533,56.1875,6,-7.5047
95,81.9409,82.1699,1.4213,55.0625,6,-7.4547
95,82.3186,82.1327,0.9705,55.0625,6,-7.4047
95,82.0418,82.0418,0.7780,53.8125,6,-7.3547
95,82.1327,82.0418,0.7780,53.8125,6,-7.3047
95,81.9006,81.9006,0.9103,60.0625,6,-7.2547
95,81.3715,81.6293,1.0478,60.0625,6,-7.2047
95,81.3747,81.3747,1.0533,58.1250,6,-7.1547
95,81.6293,81.3715,1.1658,58.1250,6,-7.1047
95,80.8479,81.3747,0.9360,54.0625,6,-7.0547
95,80.6129,81.3965,0.8292,60.3125,6,-7.0047
95,81.3965,81.3965,0.7229,60.3125,6,-6.9547
95,82.6682,81.6097,0.6718,58.2500,6,-6.9047
95,81.8680,81.8680,0.5872,56.4375,6,-6.8547
95,81.6097,81.8680,0.9645,56.4375,6,-6.8047
95,82.0981,81.6097,1.3557,56.4375,6,-6.7547
95,81.4278,81.4278,0.9347,59.3125,6,-6.7047
95,81.0903,81.3832,1.0427,60.0000,6,-6.6547
95,81.3832,81.2220,1.1197,57.7500,6,-6.6047
95,80.9780,81.2147,1.6065,57.2500,6,-6.5547
95,81.2220,81.2220,1.6222,57.2500,6,-6.5047
95,81.2147,81.2147,1.5187,53.5000,6,-6.4546
95,81.9482,81.2147,2.0658,58.1875,6,-6.4047
95,79.9627,81.2147,2.1529,55.5000,6,-6.3547
95,80.6877,80.6877,2.3611,55.5000,6,-6.3047
95,81.2307,80.0071,2.3532,58.6875,6,-6.2547
95,80.0071,80.3848,2.3061,58.6875,6,-6.2047
95,79.8487,80.0071,2.4817,58.6875,6,-6.1547
95,80.3848,79.8487,2.3146,55.5000,6,-6.1047
95,79.1805,79.1805,2.5424,61.2500,6,-6.0547
95,78.6906,79.1805,2.5340,63.0625,6,-6.0047
95,78.8345,79.1805,2.4570,64.3750,6,-5.9547
95,79.4861,78.8345,2.4665,64.3750,6,-5.9047
95,79.2788,78.8345,2.4853,64.8750,6,-5.8547
95,78.5472,78.5472,1.9822,60.8750,6,-5.8047
95,78.4815,78.4815,1.5203,62.6250,6,-5.7547
95,78.3679,78.3679,1.7511,61.8125,6,-5.7047
95,77.7910,78.0969,1.4684,60.4375,6,-5.6547
95,77.7507,77.9910,1.3515,60.4375,6,-5.6047
95,78.0969,77.9910,0.9390,57.4375,6,-5.5547
95,77.9910,78.0969,0.8653,52.8125,6,-5.5047
95,78.5157,78.0969,1.0216,56.4375,6,-5.4047
95,78.2239,78.0846,0.8293,56.4375,6,-5.3547
95,77.9785,78.0846,0.9845,56.4375,6,-5.3047
95,78.0846,78.0406,0.7653,54.4375,6,-5.2547
95,77.8336,78.0406,0.9056,53.3125,6,-5.2047
95,78.0406,78.0846,1.2481,55.0625,6,-5.1547
95,78.1860,78.0406,1.0614,55.0625,6,-5.1047
95,78.1071,78.0406,1.0514,55.0625,6,-5.0547
95,77.8674,77.8674,1.2930,55.8125,6,-5.0047
95,77.7285,77.8674,1.4558,53.5000,6,-4.9547
95,77.6590,77.7285,1.5543,53.5000,6,-4.9047
95,77.8692,77.6590,1.9529,54.9375,6,-4.8547
95,77.4409,77.4409,2.1232,54.8125,6,-4.8047
95,77.4272,77.4272,2.3392,54.8125,6,-4.7546
95,77.1322,77.1322,2.7025,54.8125,6,-4.7047
95,76.4840,76.5737,2.8838,54.8125,6,-4.6547
95,76.1659,76.5737,2.6689,51.1875,6,-4.6047
95,76.5737,76.4840,2.8803,53.0000,6,-4.5547
95,76.6552,76.1659,2.6847,53.0000,6,-4.5047
95,75.9216,75.9571,2.6845,53.0000,6,-4.4547
95,75.9571,75.9216,2.7829,54.3750,6,-4.4047
95,75.4299,75.4299,2.7359,51.9375,6,-4.3547
95,75.1963,75.1963,2.7504,51.9375,6,-4.3047
95,74.8665,74.8665,2.7539,52.1875,6,-4.2547
95,74.3848,74.3848,2.5488,52.1875,6,-4.2047
95,74.0248,74.1876,2.0279,52.1875,6,-4.1547
95,73.8436,74.1876,1.7915,52.9375,6,-4.1048
95,74.1876,74.0248,1.2692,51.3125,6,-4.0548
95,74.2408,74.1259,1.1705,57.4375,6,-4.0048
95,73.9530,74.1259,1.0087,57.4375,6,-3.9547
95,74.1259,73.9530,1.7427,59.1875,6,-3.9047
95,73.7842,73.7842,1.4785,59.1875,6,-3.8547
95,73.5090,73.5573,1.5602,56.6875,6,-3.8047
95,73.1134,73.5573,1.3043,56.6875,6,-3.7547
95,73.5573,73.5573,0.9011,52.6875,6,-3.7048
95,74.0953,73.7365,0.7916,58.0000,6,-3.6548
95,73.7365,74.0953,0.6533,58.0000,6,-3.6046
95,74.6686,74.6686,0.5016,59.0000,6,-3.5548
95,75.1139,74.6686,0.5843,59.0000,6,-3.5048
95,74.6719,74.6686,0.5263,57.1250,6,-3.4548
95,73.7731,73.7731,0.4439,59.1250,6,-3.4047
95,73.6150,73.6150,0.3053,59.1250,6,-3.3548
95,71.9548,73.2076,-0.3315,59.1250,6,-3.3047
95,72.4328,73.2076,-0.3161,56.3125,6,-3.2548
95,73.2076,73.1586,-0.1005,56.1250,6,-3.2048
95,73.5445,73.2076,-0.2695,53.3750,6,-3.1548
95,73.1586,73.3778,-0.0032,56.8750,6,-3.1048
95,73.4637,73.4137,0.7540,55.3750,6,-3.0547
95,73.3778,73.4137,1.0338,55.3750,6,-3.0048
95,73.4137,73.4637,1.1553,55.3750,6,-2.9547
95,74.2778,73.4137,0.8081,56.3750,6,-2.9048
95,73.9604,73.4137,0.9531,53.5625,6,-2.8547
95,72.5807,73.9604,0.6877,56.7500,6,-2.8048
95,72.9068,73.9604,0.6231,51.5000,6,-2.7547
95,74.0994,73.6857,0.5313,51.5000,6,-2.7048
95,74.1801,74.0994,0.5667,51.5000,6,-2.6548
95,73.6857,74.0994,0.6213,53.1250,6,-2.6048
95,74.3014,73.6857,0.6473,55.8125,6,-2.5548
95,73.3240,73.3240,0.3803,55.8125,6,-2.5047
95,73.1677,73.1677,0.4299,57.2500,6,-2.4547
95,72.3286,72.7505,0.3899,57.2500,6,-2.4047
95,72.3522,72.3522,0.5811,54.8750,6,-2.3548
95,72.7505,72.3487,1.0183,55.9375,6,-2.3048
95,72.3479,72.3522,1.1767,53.4375,6,-2.2548
95,72.3487,72.4292,1.3060,53.4375,6,-2.2048
95,72.5482,72.4292,1.3829,55.0000,6,-2.1548
95,72.4292,72.5482,1.7491,55.0000,6,-2.1048
95,73.1306,72.5896,1.3820,51.0625,6,-2.0548
95,72.9283,72.9283,1.0247,50.3750,6,-2.0048
95,72.5896,72.9283,0.9548,51.6250,6,-1.9547
95,73.1771,72.9283,0.8663,53.8750,6,-1.9048
95,72.6612,72.6612,0.6383,53.8750,6,-1.8548
95,73.0102,72.6612,0.6360,53.8750,6,-1.8047
95,72.3939,72.3939,0.6642,54.6250,6,-1.7548
95,71.9553,71.9553,0.7139,54.6250,6,-1.7048
95,70.8157,71.9553,0.6990,54.8125,6,-1.4548
95,71.2411,71.3980,0.7493,53.4375,6,-1.4048
95,72.1039,71.3980,0.7074,51.3750,6,-1.3548
95,71.3980,71.6071,-0.1749,51.3750,6,-1.3048
95,71.6071,71.6071,-0.2074,52.1250,6,-1.2547
95,71.8104,71.3980,-0.6468,52.1250,6,-1.2048
95,70.8151,71.3587,-0.7725,50.0000,6,-1.1547
95,71.3324,71.3587,-0.8531,55.3750,6,-1.1048
95,71.3587,71.3324,-0.8761,55.7500,6,-1.0547
95,71.3709,71.3324,-1.0020,56.0625,6,-1.0048
95,70.4231,71.3587,-1.1666,56.0625,6,-0.9547
95,70.3073,71.3709,-1.4090,56.5000,6,-0.9048
95,71.4339,71.4339,-1.4134,56.6875,6,-0.8548
95,73.2675,73.2183,-1.1330,56.6875,6,-0.8048
95,73.2183,73.2675,-0.9743,55.6875,6,-0.7548
95,74.0358,74.0358,-0.6957,42.3750,6,-0.6548
95,75.6342,74.0358,-0.7607,45.1250,6,-0.6047
95,75.2413,74.0358,-0.7615,45.1250,6,-0.5548
95,73.5376,73.7916,-0.8403,49.0000,6,-0.5048
95,73.0937,73.5376,-0.8394,49.0000,6,-0.4548
95,73.7916,73.5023,-0.4487,49.9375,6,-0.4048
95,73.5023,73.2419,0.3463,49.9375,6,-0.3548
95,73.0856,73.2419,0.6084,50.6250,6,-0.3047
95,73.2419,73.0856,1.7444,50.6250,6,-0.2548
95,72.2632,73.0856,1.9596,56.0625,6,-0.0548
95,72.4357,72.7689,2.5671,56.0625,6,-0.0048
95,73.2496,72.7689,2.6329,57.5625,6,0.0452
95,72.7689,72.7704,2.5362,57.8125,6,0.0952
95,72.9084,72.7704,2.1456,57.8125,6,0.1452
95,72.7704,72.7689,1.9274,59.5625,6,0.1952
95,72.1093,72.1093,1.7139,59.5625,6,0.2452
95,70.7968,70.7968,1.5086,59.8125,6,0.2952
95,70.4408,70.4408,1.0274,59.4375,6,0.3452
95,70.3357,70.3373,0.7828,56.0000,6,0.3952
95,70.3373,70.3357,0.9520,59.3125,6,0.4452
95,70.2994,70.3357,0.6991,60.3125,6,0.4952
95,69.9409,70.3373,0.6603,60.3125,6,0.5452
95,70.4844,70.4844,0.6544,56.2500,6,0.5952
95,71.1685,70.7858,0.6366,56.2500,6,0.6452
95,70.7858,70.9170,0.5549,48.9375,6,0.6952
95,70.9170,71.1685,0.3983,52.6250,6,0.7453
95,71.1992,71.1992,-0.4625,53.5625,6,0.7952
95,72.2986,71.8361,-0.5285,53.5625,6,0.8452
95,71.8361,71.9507,-0.3856,53.5625,6,0.8952
95,71.9958,71.9507,-0.3170,58.9375,6,0.9453
95,71.9507,71.9507,0.1711,58.9375,6,0.9952
95,71.9138,71.9958,0.5034,52.5000,6,1.0452
95,72.3597,71.9507,0.6718,57.3750,6,1.0953
95,72.0800,71.9729,0.9231,57.3750,6,1.1453
95,71.5808,71.9729,1.0322,57.3750,6,1.1953
95,71.9729,71.5808,1.0657,57.8125,6,1.2453
95,71.3938,71.3938,0.9030,57.1250,6,1.2953
95,70.8315,71.1200,1.3474,57.6250,6,1.3453
95,71.1200,70.8315,1.2469,57.6250,6,1.3953
95,70.7055,70.7055,1.0085,57.6250,6,1.4453
95,70.1370,70.1370,0.7653,57.1875,6,1.4953
95,69.2039,69.6849,,57.1875,6,1.5453
95,69.3927,69.6849,,55.5625,6,1.5953
95,69.6849,69.6849,,57.8125,6,1.6453
95,70.1113,69.6849,,57.8125,6,1.6952
95,70.2180,69.9016,,58.5625,6,1.7453
95,69.4753,70.1113,,58.5625,6,1.7952
95,69.9016,70.2180,,61.1250,6,1.8452
95,71.0190,70.4497,,56.1875,6,1.8952
95,70.4497,70.7344,,56.3750,6,1.9452
95,71.3184,71.0190,,56.3750,6,1.9952
