v_ego,a_ego,v_cruise_kph,long_state,brake,gas,model_x,model_y,model_v,model_prob,rec_aTarget,rec_hasLead,rec_lead_dRel,vision_l1_present,vision_l1_radar,vision_l1_trackId,vision_l1_dRel,vision_l1_yRel,vision_l1_vLead,vision_l1_aLeadK,vision_l1_modelProb,vision_l2_present,vision_l2_radar,vision_l2_dRel,vision_aTarget,vision_source,vision_fcw,vision_crash_cnt,vision_n_tracks,raw_l1_present,raw_l1_radar,raw_l1_trackId,raw_l1_dRel,raw_l1_yRel,raw_l1_vLead,raw_l1_aLeadK,raw_l1_modelProb,raw_l2_present,raw_l2_radar,raw_l2_dRel,raw_aTarget,raw_source,raw_fcw,raw_crash_cnt,raw_n_tracks,openpilot_l1_present,openpilot_l1_radar,openpilot_l1_trackId,openpilot_l1_dRel,openpilot_l1_yRel,openpilot_l1_vLead,openpilot_l1_aLeadK,openpilot_l1_modelProb,openpilot_l2_present,openpilot_l2_radar,openpilot_l2_dRel,openpilot_aTarget,openpilot_source,openpilot_fcw,openpilot_crash_cnt,openpilot_n_tracks,dt
20.7710,0.5900,77.0000,off,0,1,69.1880,-0.7800,21.3280,0.9970,-0.0060,1.0000,64.1680,1,0,-1,67.6680,0.7800,21.6030,0.0760,0.9970,1,0,67.7300,0.6178,0,0,0,0,1,1,1,62.1880,0.6560,20.7740,-0.0350,0.9970,1,1,62.1880,0.6178,0,0,0,2,1,1,1,62.1880,0.6560,20.6370,-0.0350,0.9970,1,1,62.1880,0.6178,0,0,0,1,-11.9834
20.8010,0.6940,77.0000,off,0,1,69.7500,-0.7640,21.0780,0.9970,-0.0060,1.0000,67.6680,1,0,-1,68.2300,0.7640,21.3270,0.0770,0.9970,1,0,68.2300,0.6480,0,0,0,0,1,1,1,62.1880,0.6560,20.8040,0.0110,0.9970,1,1,62.1880,0.6480,0,0,0,2,1,1,1,62.1880,0.6560,20.6670,0.0110,0.9970,1,1,62.1880,0.6480,0,0,0,1,-11.9501
20.8210,0.5730,77.0000,off,0,1,68.0000,-0.7180,19.7340,0.9970,-0.0060,1.0000,67.6680,1,0,-1,66.4800,0.7180,19.9650,0.0180,0.9970,1,0,66.5430,0.5678,0,0,0,0,1,1,1,68.1250,0.6090,20.7740,0.0400,0.9970,1,1,68.1250,0.5678,0,0,0,2,1,1,1,68.1250,0.6090,20.6370,0.0400,0.9970,1,1,68.1250,0.5678,0,0,0,1,-11.9017
20.8470,0.5500,77.0000,off,0,1,67.5000,-0.6980,20.2660,0.9980,-0.0050,1.0000,68.2300,1,0,-1,65.9800,0.6980,20.5040,0.0260,0.9980,1,0,65.9800,0.5421,0,0,0,0,1,1,1,68.1250,0.6090,20.9000,0.0990,0.9980,1,1,68.1250,0.5421,0,0,0,2,1,1,1,68.1250,0.6090,20.7620,0.0990,0.9980,1,1,68.1250,0.5421,0,0,0,1,-11.8532
20.8820,0.4810,77.0000,off,0,1,68.1250,-0.7270,20.7970,0.9970,-0.0050,1.0000,65.9800,1,0,-1,66.6050,0.7270,21.0140,0.0520,0.9980,1,0,66.6050,0.5065,0,0,0,0,1,1,1,63.9380,0.6090,20.9660,0.1650,0.9980,1,1,63.9380,0.5065,0,0,0,2,1,1,1,63.9380,0.6090,20.8280,0.1640,0.9980,1,1,63.9380,0.5065,0,0,0,1,-11.7776
20.9280,0.6670,77.0000,off,0,1,67.0620,-0.6560,21.0000,0.9970,-0.0060,1.0000,66.6050,1,0,-1,65.5430,0.6560,21.1880,0.0480,0.9970,1,0,65.4800,0.6219,0,0,0,0,1,1,1,61.5620,0.6250,20.9390,0.2090,0.9970,1,1,61.5620,0.6219,0,0,0,2,1,1,1,61.5620,0.6250,20.8020,0.2070,0.9970,1,1,61.5620,0.6219,0,0,0,1,-11.7282
20.9580,0.6900,77.0000,off,0,1,68.1250,-0.7290,20.5000,0.9970,-0.0060,1.0000,65.5430,1,0,-1,66.6050,0.7290,20.6610,0.0320,0.9970,1,0,66.6050,0.6451,0,0,0,0,1,1,1,60.6250,0.6250,20.6470,0.1580,0.9970,1,1,60.6250,0.6451,0,0,0,2,1,1,1,60.6250,0.6250,20.5110,0.1570,0.9970,1,1,60.6250,0.6451,0,0,0,1,-11.6797
20.9900,0.6720,77.0000,off,0,1,68.3750,-0.7410,20.5780,0.9970,-0.0060,1.0000,66.6050,1,0,-1,66.8550,0.7410,20.8090,0.0570,0.9970,1,0,66.8550,0.6268,0,0,0,0,1,1,1,66.1250,0.5620,20.9070,0.1880,0.9970,1,1,66.1250,0.6268,0,0,0,2,1,1,1,66.1250,0.5620,20.7700,0.1870,0.9970,1,1,66.1250,0.6268,0,0,0,1,-11.6313
21.0270,0.6920,77.0000,off,0,1,69.2500,-0.7280,20.5160,0.9970,-0.0060,1.0000,66.8550,1,0,-1,67.7300,0.7280,20.8210,0.0570,0.9970,1,0,67.6680,0.6464,0,0,0,0,1,1,1,66.1250,0.5620,20.9440,0.2210,0.9970,1,1,66.1250,0.6464,0,0,0,2,1,1,1,66.1250,0.5620,20.8060,0.2200,0.9970,1,1,66.1250,0.6464,0,0,0,1,-11.5816
21.0570,0.6640,77.0000,off,0,1,67.6880,-0.7380,20.3440,0.9960,-0.0060,1.0000,67.7300,1,0,-1,66.1680,0.7380,20.6420,0.0390,0.9970,1,0,66.1680,0.6191,0,0,0,0,1,1,1,68.8120,0.5470,21.0540,0.2760,0.9970,1,1,68.8120,0.6191,0,0,0,2,1,1,1,68.8120,0.5470,20.9160,0.2740,0.9970,1,1,68.8120,0.6191,0,0,0,1,-11.5315
21.0870,0.7410,77.0000,off,0,1,67.6250,-0.7390,20.4690,0.9970,-0.0060,1.0000,67.7300,1,0,-1,66.1050,0.7390,20.7580,0.0590,0.9970,1,0,66.1050,0.6960,0,0,0,0,1,1,1,68.8120,0.5470,21.0310,0.3100,0.9970,1,1,68.8120,0.6960,0,0,0,2,1,1,1,68.8120,0.5470,20.8920,0.3080,0.9970,1,1,68.8120,0.6960,0,0,0,1,-11.5010
21.1280,0.7900,77.0000,off,0,1,70.2500,-0.7490,20.6560,0.9970,-0.0050,1.0000,66.1680,1,0,-1,68.7300,0.7490,21.0060,0.0540,0.9970,1,0,68.6680,0.7450,0,0,0,0,1,1,1,68.8120,0.5470,21.0720,0.3460,0.9970,1,1,68.8120,0.7450,0,0,0,2,1,1,1,68.8120,0.5470,20.9340,0.3430,0.9970,1,1,68.8120,0.7450,0,0,0,1,-11.4537
21.1760,0.7870,77.0000,off,0,1,69.0620,-0.7400,21.0000,0.9970,-0.0060,1.0000,68.7300,1,0,-1,67.5430,0.7400,21.3790,0.0540,0.9970,1,0,67.4800,0.7419,0,0,0,0,1,1,1,62.8120,0.6090,20.7730,0.2840,0.9970,1,1,62.8120,0.7419,0,0,0,2,1,1,1,62.8120,0.6090,20.6370,0.2820,0.9970,1,1,62.8120,0.7419,0,0,0,1,-11.3988
21.1960,0.6920,77.0000,off,0,1,70.2500,-0.7770,21.3120,0.9960,-0.0060,1.0000,68.7300,1,0,-1,68.7300,0.7770,21.5040,0.0570,0.9970,1,0,68.7300,0.6467,0,0,0,0,1,1,1,61.8750,0.6090,20.9010,0.2660,0.9970,1,1,61.8750,0.6467,0,0,0,2,1,1,1,61.8750,0.6090,20.7640,0.2650,0.9970,1,1,61.8750,0.6467,0,0,0,1,-11.3527
21.2430,0.8030,77.0000,off,0,1,72.6250,-0.8440,21.3280,0.9960,-0.0050,1.0000,67.5430,1,0,-1,71.1050,0.8440,21.5490,0.0570,0.9960,1,0,71.1050,0.7580,0,0,0,0,1,1,1,61.8750,0.6090,20.9540,0.2630,0.9960,1,1,61.8750,0.7580,0,0,0,2,1,1,1,61.8750,0.6090,20.8170,0.2620,0.9960,1,1,61.8750,0.7580,0,0,0,1,-11.3017
21.2780,0.7630,77.0000,off,0,1,69.3750,-0.7480,21.5470,0.9960,-0.0070,1.0000,68.7300,1,0,-1,67.8550,0.7480,21.7270,0.0500,0.9960,1,0,67.7930,0.7177,0,0,0,0,1,1,1,68.6880,0.5470,21.2450,0.3400,0.9960,1,1,68.6880,0.7177,0,0,0,2,1,1,1,68.6880,0.5470,21.1050,0.3380,0.9960,1,1,68.6880,0.7177,0,0,0,1,-11.2508
21.3120,0.7300,77.0000,off,0,1,70.6880,-0.8190,20.6250,0.9960,-0.0060,1.0000,71.1050,1,0,-1,69.1680,0.8190,21.0650,0.0160,0.9960,1,0,69.1680,0.6849,0,0,0,0,1,1,1,63.4380,0.5940,21.3820,0.4370,0.9960,1,1,63.4380,0.6849,0,0,0,2,1,1,1,63.4380,0.5940,21.2410,0.4340,0.9960,1,1,63.4380,0.6849,0,0,0,1,-11.2029
21.3350,0.6350,77.0000,off,0,1,73.6250,-0.8470,21.5310,0.9950,-0.0060,1.0000,67.8550,1,0,-1,72.1050,0.8470,21.6740,0.0640,0.9960,1,0,72.1680,0.5897,0,0,0,0,1,1,1,63.4380,0.5940,21.4040,0.5160,0.9960,1,1,63.4380,0.5897,0,0,0,2,1,1,1,63.4380,0.5940,21.2640,0.5130,0.9960,1,1,63.4380,0.5897,0,0,0,1,-11.1532
21.3770,0.6340,77.0000,off,0,1,71.8750,-0.7890,21.4220,0.9960,-0.0050,1.0000,72.1050,1,0,-1,70.3550,0.7890,21.6440,0.0550,0.9960,1,0,70.3550,0.5894,0,0,0,0,1,1,1,61.3750,0.6090,21.6710,0.6490,0.9960,1,1,61.3750,0.5894,0,0,0,2,1,1,1,61.3750,0.6090,21.5290,0.6450,0.9960,1,1,61.3750,0.5894,0,0,0,1,-11.0813
21.4050,0.6130,77.0000,off,0,1,72.7500,-0.8450,20.7500,0.9960,-0.0060,1.0000,70.3550,1,0,-1,71.2300,0.8450,21.0570,0.0280,0.9960,1,0,71.2930,0.5681,0,0,0,0,1,1,1,61.3750,0.6090,21.6990,0.7570,0.9960,1,1,61.3750,0.5681,0,0,0,2,1,1,1,61.3750,0.6090,21.5560,0.7520,0.9960,1,1,61.3750,0.5681,0,0,0,1,-11.0330
21.4270,0.6430,77.0000,off,0,1,72.6880,-0.8650,20.9690,0.9960,-0.0050,1.0000,70.3550,1,0,-1,71.1680,0.8650,21.3160,0.0590,0.9960,1,0,71.2300,0.5986,0,0,0,0,1,1,1,61.0620,0.6250,21.5180,0.7820,0.9960,1,1,61.0620,0.5986,0,0,0,2,1,1,1,61.0620,0.6250,21.3770,0.7770,0.9960,1,1,61.0620,0.5986,0,0,0,1,-11.0016
21.4710,0.6180,77.0000,off,0,1,71.3120,-0.8430,20.2190,0.9970,-0.0060,1.0000,71.1680,1,0,-1,69.7930,0.8430,20.5730,0.0390,0.9970,1,0,69.8550,0.5729,0,0,0,0,1,1,1,61.0620,0.6250,21.3800,0.7520,0.9970,1,1,61.0620,0.5729,0,0,0,2,1,1,1,61.0620,0.6250,21.2390,0.7470,0.9970,1,1,61.0620,0.5729,0,0,0,1,-10.9327
21.4890,0.6110,77.0000,off,0,1,71.9380,-0.8970,20.1880,0.9970,-0.0080,1.0000,69.7930,1,0,-1,70.4180,0.8970,20.5030,0.0370,0.9970,1,0,70.5430,0.5663,0,0,0,0,1,1,1,63.5000,0.7660,21.3250,0.7010,0.9970,1,1,63.5000,0.5663,0,0,0,2,1,1,1,63.5000,0.7660,21.1840,0.6960,0.9970,1,1,63.5000,0.5663,0,0,0,1,-10.9001
21.5270,0.6670,77.0000,off,0,1,69.7500,-0.8420,20.3750,0.9970,-0.0100,1.0000,70.4180,1,0,-1,68.2300,0.8420,20.6720,0.0490,0.9970,1,0,68.2930,0.6229,0,0,0,0,1,1,1,63.5000,0.7660,21.0800,0.5790,0.9970,1,1,63.5000,0.6229,0,0,0,2,1,1,1,63.5000,0.7660,20.9410,0.5750,0.9970,1,1,63.5000,0.6229,0,0,0,1,-10.8508
21.5560,0.6340,77.0000,off,0,1,69.4380,-0.7670,20.7030,0.9960,-0.0110,1.0000,70.4180,1,0,-1,67.9180,0.7670,21.0670,0.0500,0.9970,1,0,67.9800,0.5895,0,0,0,0,1,1,1,63.5000,0.7660,21.1080,0.4800,0.9970,1,1,63.5000,0.5895,0,0,0,2,1,1,1,63.5000,0.7660,20.9700,0.4770,0.9970,1,1,63.5000,0.5895,0,0,0,1,-10.8061
21.6080,0.6780,77.0000,off,0,1,70.3120,-0.8270,20.3440,0.9970,-0.0120,1.0000,67.9180,1,0,-1,68.7930,0.8270,20.7980,0.0520,0.9970,1,0,68.8550,0.6330,0,0,0,0,1,1,1,65.3120,0.8120,20.7890,0.3010,0.9970,1,1,65.3120,0.6330,0,0,0,2,1,1,1,65.3120,0.8120,20.6520,0.2990,0.9970,1,1,65.3120,0.6330,0,0,0,1,-10.7320
21.6430,0.6910,77.0000,off,0,1,71.7500,-0.8470,20.7810,0.9950,-0.0160,1.0000,68.7930,1,0,-1,70.2300,0.8470,21.1760,0.0760,0.9970,1,0,70.2930,0.6461,0,0,0,0,1,1,1,63.8120,0.7660,20.4930,0.0660,0.9970,1,1,63.8120,0.6461,0,0,0,2,1,1,1,63.8120,0.7660,20.3580,0.0660,0.9970,1,1,63.8120,0.6461,0,0,0,1,-10.6827
21.6640,0.6930,77.0000,off,0,1,71.8120,-0.8460,20.6720,0.9960,-0.0170,1.0000,70.2300,1,0,-1,70.2930,0.8460,21.0500,0.0640,0.9970,1,0,70.3550,0.6490,0,0,0,0,1,1,1,65.4380,0.7970,20.6450,-0.0830,0.9970,1,1,65.4380,0.6490,0,0,0,2,1,1,1,65.4380,0.7970,20.5090,-0.0820,0.9970,1,1,65.4380,0.6490,0,0,0,1,-10.6512
21.6900,0.6210,77.0000,off,0,1,72.2500,-0.8780,20.4220,0.9960,-0.0190,1.0000,70.2300,1,0,-1,70.7300,0.8780,20.8630,0.0660,0.9960,1,0,70.7930,0.5769,0,0,0,0,1,1,1,65.4380,0.7970,20.6700,-0.1960,0.9960,1,1,65.4380,0.5769,0,0,0,2,1,1,1,65.4380,0.7970,20.5350,-0.1950,0.9960,1,1,65.4380,0.5769,0,0,0,1,-10.6030
21.7310,0.6490,77.0000,off,0,1,76.9380,-1.1250,19.8120,0.9880,-0.0200,1.0000,70.7300,1,0,-1,75.4180,1.1250,20.2200,0.0620,0.9950,1,0,75.6680,0.6045,0,0,0,0,1,1,1,69.1250,0.8280,20.8030,-0.2470,0.9950,1,1,69.1250,0.6045,0,0,0,2,1,1,1,69.1250,0.8280,20.6670,-0.2460,0.9950,1,1,69.1250,0.6045,0,0,0,1,-10.5490
21.7640,0.7060,77.0000,off,0,1,71.3750,-0.9060,20.1720,0.9930,-0.0220,1.0000,70.7300,1,0,-1,69.8550,0.9060,20.6120,0.0490,0.9950,1,0,69.9800,0.6620,0,0,0,0,1,1,1,69.1250,0.8280,20.6700,-0.3240,0.9950,1,1,69.1250,0.6620,0,0,0,2,1,1,1,69.1250,0.8280,20.5340,-0.3220,0.9950,1,1,69.1250,0.6620,0,0,0,1,-10.5019
21.7990,0.6950,77.0000,off,0,1,70.6880,-0.9050,20.6090,0.9950,-0.0250,1.0000,75.4180,1,0,-1,69.1680,0.9050,21.1410,0.0570,0.9950,1,0,69.2930,0.6504,0,0,0,0,1,1,1,69.6250,0.8440,20.1600,-0.5270,0.9950,1,1,69.6250,0.6359,1,0,0,2,1,1,1,69.6250,0.8440,20.0270,-0.5240,0.9950,1,1,69.6250,0.6212,1,0,0,1,-10.4529
21.8200,0.5900,77.0000,off,0,1,69.8120,-0.9210,20.3440,0.9920,-0.0260,1.0000,69.8550,1,0,-1,68.2930,0.9210,20.9710,0.0560,0.9940,1,0,68.4180,0.5459,0,0,0,0,1,1,1,61.6250,0.9380,19.8640,-0.7700,0.9940,1,1,61.6250,0.4139,1,0,0,2,1,1,1,61.6250,0.9380,19.7330,-0.7650,0.9940,1,1,61.6250,0.3998,1,0,0,1,-10.4020
21.8530,0.6020,77.0000,off,0,1,71.6250,-0.9730,20.2500,0.9930,-0.0280,1.0000,69.1680,1,0,-1,70.1050,0.9730,20.8920,0.0480,0.9940,1,0,70.2930,0.5583,0,0,0,0,1,1,1,59.8750,0.9690,19.5890,-1.0360,0.9940,1,1,59.8750,0.3389,1,0,0,2,1,1,1,59.8750,0.9690,19.4600,-1.0290,0.9940,1,1,59.8750,0.3253,1,0,0,1,-10.3522
21.8820,0.6120,77.0000,off,0,1,70.8120,-0.9410,20.0940,0.9930,-0.0300,1.0000,68.2930,1,0,-1,69.2930,0.9410,20.8590,0.0370,0.9940,1,0,69.4180,0.5683,0,0,0,0,1,1,1,59.8750,0.9840,18.8010,-1.4620,0.9940,1,1,59.8750,0.2089,1,0,0,1,1,1,1,59.8750,0.9840,18.6780,-1.4530,0.9940,1,1,59.8750,0.1966,1,0,0,1,-10.3028
21.9120,0.6140,77.0000,off,0,1,73.1880,-1.0200,20.3910,0.9900,-0.0310,1.0000,69.2930,1,0,-1,71.6680,1.0200,20.9600,0.0770,0.9930,1,0,71.7930,0.5703,0,0,0,0,1,1,1,59.8750,0.9840,18.8320,-1.7810,0.9930,1,1,59.8750,0.1694,1,0,0,1,1,1,1,59.8750,0.9840,18.7080,-1.7690,0.9930,1,1,59.8750,0.1575,1,0,0,1,-10.2510
21.9550,0.7070,77.0000,off,0,1,70.6880,-0.8780,20.4690,0.9930,-0.0340,1.0000,69.2930,1,0,-1,69.1680,0.8780,21.1760,0.0580,0.9930,1,0,69.2930,0.6627,0,0,0,0,1,1,1,59.8120,1.0160,18.4410,-2.1260,0.9930,1,1,59.8120,0.1416,1,0,0,1,1,1,1,59.8120,1.0160,18.3210,-2.1120,0.9930,1,1,59.8120,0.1306,1,0,0,1,-10.2018
21.9810,0.6430,77.0000,off,0,1,70.3750,-0.8910,20.3440,0.9950,-0.0360,1.0000,71.6680,1,0,-1,68.8550,0.8910,20.9630,0.0530,0.9950,1,0,68.9800,0.5985,0,0,0,0,1,1,1,59.0620,1.0160,18.0890,-2.4780,0.9950,1,1,59.0620,0.0009,1,0,0,1,1,1,1,59.0620,1.0160,17.9710,-2.4620,0.9950,1,1,59.0620,-0.0094,1,0,0,1,-10.1517
21.9970,0.5080,77.0000,off,0,1,73.1250,-1.1540,20.7660,0.9950,-0.0380,1.0000,69.1680,1,0,-1,71.6050,1.1540,21.3070,0.0890,0.9950,1,0,71.7300,0.4643,0,0,0,0,1,1,1,70.5000,1.0780,18.2360,-2.6880,0.9950,1,1,70.5000,0.0126,1,0,0,1,1,1,1,70.5000,1.0780,18.1170,-2.6700,0.9950,1,1,70.5000,0.0026,1,0,0,1,-10.1042
22.0470,0.6120,77.0000,off,0,1,71.8750,-0.9060,20.7500,0.9950,-0.0390,1.0000,71.6050,1,0,-1,70.3550,0.9060,21.2660,0.0710,0.9950,1,0,70.4800,0.5681,0,0,0,0,1,1,1,72.8750,1.1560,18.3500,-2.7880,0.9950,1,1,72.8750,0.0932,1,0,0,1,1,1,1,72.8750,1.1560,18.2290,-2.7690,0.9950,1,1,72.8750,0.0833,1,0,0,1,-10.0332
22.0690,0.5930,77.0000,off,0,1,70.0000,-0.9140,20.9530,0.9950,-0.0420,1.0000,70.3550,1,0,-1,68.4800,0.9140,21.6040,0.0640,0.9950,1,0,68.6050,0.5490,0,0,0,0,1,1,1,72.8750,1.1880,18.5270,-2.7790,0.9950,1,1,72.8750,0.0819,1,0,0,1,1,1,1,72.8750,1.1880,18.4060,-2.7610,0.9950,1,1,72.8750,0.0720,1,0,0,1,-9.9998
22.0890,0.5640,77.0000,off,0,1,69.3120,-1.0260,21.1090,0.9940,-0.0430,1.0000,70.3550,1,0,-1,67.7930,1.0260,21.7050,0.0690,0.9950,1,0,67.8550,0.5200,0,0,0,0,1,1,1,72.8750,1.1880,18.5470,-2.7270,0.9950,1,1,72.8750,0.0534,1,0,0,1,1,1,1,72.8750,1.1880,18.4260,-2.7080,0.9950,1,1,72.8750,0.0436,1,0,0,1,-9.9538
22.1240,0.6230,77.0000,off,0,1,69.1250,-1.1760,20.8750,0.9930,-0.0440,1.0000,67.7930,1,0,-1,67.6050,1.1760,21.3930,0.0640,0.9950,1,0,67.7300,0.5789,0,0,0,0,1,1,1,71.7500,1.2030,18.6880,-2.6050,0.9950,1,1,71.7500,0.0916,1,0,0,1,1,1,1,71.7500,1.2030,18.5660,-2.5870,0.9950,1,1,71.7500,0.0817,1,0,0,1,-9.8998
22.1550,0.6240,77.0000,off,0,1,66.8750,-0.9920,21.0940,0.9940,-0.0470,1.0000,67.7930,1,0,-1,65.3550,0.9920,21.7180,0.0650,0.9940,1,0,65.4800,0.5799,0,0,0,0,1,1,1,70.5620,1.2030,18.8410,-2.4240,0.9940,1,1,70.5620,0.1003,1,0,0,1,1,1,1,70.5620,1.2030,18.7170,-2.4080,0.9940,1,1,70.5620,0.0900,1,0,0,1,-9.8551
22.1880,0.6320,77.0000,off,0,1,66.9380,-0.9580,21.0470,0.9950,-0.0480,1.0000,65.3550,1,0,-1,65.4180,0.9580,21.6850,0.0660,0.9950,1,0,65.5430,0.5883,0,0,0,0,1,1,1,69.5000,1.2030,18.8460,-2.2410,0.9950,1,1,69.5000,0.1030,1,0,0,1,1,1,1,69.5000,1.2030,18.7230,-2.2260,0.9950,1,1,69.5000,0.0926,1,0,0,1,-9.8013
22.2320,0.7340,77.0000,off,0,1,65.8750,-0.9950,20.9060,0.9940,-0.0510,1.0000,65.3550,1,0,-1,64.3550,0.9950,21.4950,0.0710,0.9950,1,0,64.4180,0.6907,0,0,0,0,1,1,1,69.0620,1.2190,18.8380,-2.0620,0.9950,1,1,69.0620,0.1762,1,0,0,1,1,1,1,69.0620,1.2190,18.7140,-2.0480,0.9950,1,1,69.0620,0.1657,1,0,0,1,-9.7547
22.2530,0.5890,77.0000,off,0,1,66.1250,-0.9850,20.7970,0.9940,-0.0530,1.0000,64.3550,1,0,-1,64.6050,0.9850,21.3880,0.0550,0.9950,1,0,64.7300,0.5449,0,0,0,0,1,1,1,69.0620,1.2190,18.8060,-1.8960,0.9950,1,1,69.0620,0.0838,1,0,0,1,1,1,1,69.0620,1.2190,18.6820,-1.8830,0.9950,1,1,69.0620,0.0731,1,0,0,1,-9.6996
22.2820,0.6050,77.0000,off,0,1,67.1250,-1.0310,20.8280,0.9950,-0.0550,1.0000,64.3550,1,0,-1,65.6050,1.0310,21.4850,0.0710,0.9950,1,0,65.7300,0.5610,0,0,0,0,1,1,1,69.0620,1.2190,18.8340,-1.7250,0.9950,1,1,69.0620,0.1106,1,0,0,1,1,1,1,69.0620,1.2190,18.7110,-1.7140,0.9950,1,1,69.0620,0.0997,1,0,0,1,-9.6532
22.3040,0.5370,77.0000,off,0,1,66.0000,-0.9720,21.0940,0.9960,-0.0560,1.0000,65.6050,1,0,-1,64.4800,0.9720,21.7730,0.0850,0.9960,1,0,64.6050,0.4929,0,0,0,0,1,1,1,66.8750,1.4380,18.9850,-1.5180,0.9960,1,1,66.8750,0.0763,1,0,0,1,1,1,1,66.8750,1.4380,18.8600,-1.5080,0.9960,1,1,66.8750,0.0650,1,0,0,1,-9.5996
22.3410,0.6160,77.0000,off,0,1,65.8750,-0.9020,20.9840,0.9970,-0.0580,1.0000,64.4800,1,0,-1,64.3550,0.9020,21.6260,0.0800,0.9970,1,0,64.4180,0.5728,0,0,0,0,1,1,1,66.8750,1.4690,18.8360,-1.3710,0.9970,1,1,66.8750,0.1287,1,0,0,1,1,1,1,66.8750,1.4690,18.7120,-1.3610,0.9970,1,1,66.8750,0.1174,1,0,0,1,-9.5511
22.3730,0.6110,77.0000,off,0,1,64.5000,-0.9510,21.2500,0.9970,-0.0610,1.0000,64.4800,1,0,-1,62.9800,0.9510,21.8470,0.0640,0.9970,1,0,63.1050,0.5671,0,0,0,0,1,1,1,66.8750,1.4690,18.8230,-1.2340,0.9970,1,1,66.8750,0.1364,1,0,0,1,1,1,1,66.8750,1.4690,18.6990,-1.2260,0.9970,1,1,66.8750,0.1249,1,0,0,1,-9.5020
22.4080,0.6610,77.0000,off,0,1,64.5000,-0.9650,20.8120,0.9970,-0.0620,1.0000,64.3550,1,0,-1,62.9800,0.9650,21.4830,0.0710,0.9970,1,0,63.1050,0.6175,0,0,0,0,1,1,1,59.9380,1.4380,18.4050,-1.2250,0.9970,1,1,59.9380,0.0415,1,0,0,1,1,1,1,59.9380,1.4380,18.2850,-1.2170,0.9970,1,1,59.9380,0.0306,1,0,0,1,-9.4519
22.4300,0.5580,77.0000,off,0,1,65.7500,-1.0090,20.9690,0.9970,-0.0640,1.0000,62.9800,1,0,-1,64.2300,1.0090,21.6040,0.0890,0.9970,1,0,64.2930,0.5150,0,0,0,0,1,1,1,59.9380,1.4380,18.3910,-1.2040,0.9970,1,1,59.9380,-0.0378,1,0,0,1,1,1,1,59.9380,1.4380,18.2700,-1.1950,0.9970,1,1,59.9380,-0.0487,1,0,0,1,-9.4013
22.4650,0.6390,77.0000,off,0,1,65.8750,-1.0450,21.0160,0.9970,-0.0660,1.0000,64.2300,1,0,-1,64.3550,1.0450,21.7620,0.0970,0.9970,1,0,64.4180,0.5954,0,0,0,0,1,1,1,59.9380,1.4380,18.4260,-1.1590,0.9970,1,1,59.9380,0.0194,1,0,0,1,1,1,1,59.9380,1.4380,18.3060,-1.1510,0.9970,1,1,59.9380,0.0084,1,0,0,1,-9.3513
22.4970,0.6240,77.0000,off,0,1,66.6880,-1.1230,20.5160,0.9970,-0.0680,1.0000,64.2300,1,0,-1,65.1680,1.1230,21.1620,0.0970,0.9970,1,0,65.3550,0.5804,0,0,0,0,1,1,1,59.8750,1.4690,18.4050,-1.1120,0.9970,1,1,59.8750,0.0063,1,0,0,1,1,1,1,59.8750,1.4690,18.2840,-1.1050,0.9970,1,1,59.8750,-0.0048,1,0,0,1,-9.3012
22.5600,0.8680,77.0000,off,0,1,65.1880,-0.8970,21.5000,0.9860,-0.0700,1.0000,64.3550,1,0,-1,63.6670,0.8970,21.9650,0.0630,0.9950,1,0,63.7920,0.8249,0,0,0,0,1,1,1,59.6250,1.4840,18.3680,-1.0690,0.9950,1,1,59.6250,0.1648,1,0,0,1,1,1,1,59.6250,1.4840,18.2480,-1.0610,0.9950,1,1,59.6250,0.1538,1,0,0,1,-9.2525
22.6250,1.1370,77.0000,off,0,1,68.0000,-1.0240,21.4060,0.9960,-0.0730,1.0000,65.1680,1,0,-1,66.4800,1.0240,22.2370,0.0740,0.9960,1,0,66.6050,1.0915,1,0,0,0,1,1,1,59.4380,1.5000,18.5420,-0.9680,0.9960,1,1,59.4380,0.3751,1,0,0,1,1,1,1,59.4380,1.5000,18.4220,-0.9610,0.9960,1,1,59.4380,0.3640,1,0,0,1,-9.2024
22.5380,-0.0250,77.0000,off,0,1,67.1250,-1.0320,21.5470,0.9950,-0.0770,1.0000,63.6670,1,0,-1,65.6050,1.0320,22.3090,0.0920,0.9960,1,0,65.7300,-0.0680,0,0,0,0,1,0,-1,65.6050,1.0320,22.3090,0.0920,0.9960,1,0,65.7300,-0.0680,0,0,0,0,1,0,-1,65.6050,1.0320,22.3090,0.0920,0.9960,1,0,65.7300,-0.0680,0,0,0,0,-9.1537
22.5640,-0.0240,77.0000,off,0,1,65.0000,-1.2700,21.9690,0.9960,-0.0930,1.0000,65.6050,1,0,-1,63.4800,1.2700,22.6820,0.0860,0.9960,1,0,63.5420,-0.0671,0,0,0,0,1,0,-1,63.4800,1.2700,22.6820,0.0860,0.9960,1,0,63.5420,-0.0671,0,0,0,0,1,0,-1,63.4800,1.2700,22.6820,0.0860,0.9960,1,0,63.5420,-0.0671,0,0,0,0,-9.0813
22.6070,0.3850,77.0000,off,0,1,62.3440,-1.2600,22.4220,0.9950,-0.1270,1.0000,63.4800,1,0,-1,60.8240,1.2600,23.2540,0.0890,0.9960,1,0,60.9170,0.3423,0,0,0,0,1,0,-1,60.8240,1.2600,23.2540,0.0890,0.9960,1,0,60.9170,0.3423,0,0,0,0,1,0,-1,60.8240,1.2600,23.2540,0.0890,0.9960,1,0,60.9170,0.3423,0,0,0,0,-9.0508
22.6260,0.3670,77.0000,off,0,1,69.2500,-1.7490,21.9220,0.9920,-0.0770,1.0000,63.4800,1,0,-1,67.7300,1.7490,22.6410,0.1050,0.9950,1,0,67.9180,0.3236,0,0,0,0,1,0,-1,67.7300,1.7490,22.6410,0.1050,0.9950,1,0,67.9180,0.3236,0,0,0,0,1,0,-1,67.7300,1.7490,22.6410,0.1050,0.9950,1,0,67.9180,0.3236,0,0,0,0,-9.0050
22.6950,0.6490,77.0000,off,0,1,64.6880,-1.9200,21.8120,0.9930,-0.0770,1.0000,67.7300,1,0,-1,63.1670,1.9200,22.7130,0.0690,0.9950,1,0,63.1670,0.6055,0,0,0,0,1,0,-1,63.1670,1.9200,22.7130,0.0690,0.9950,1,0,63.1670,0.6055,0,0,0,0,1,0,-1,63.1670,1.9200,22.7130,0.0690,0.9950,1,0,63.1670,0.6055,0,0,0,0,-8.9324
22.7210,0.7010,77.0000,off,0,1,65.5620,-1.3020,21.8280,0.9850,-0.0820,1.0000,63.1670,1,0,-1,64.0430,1.3020,22.4160,0.0630,0.9930,1,0,64.1050,0.6582,0,0,0,0,1,0,-1,64.0430,1.3020,22.4160,0.0630,0.9930,1,0,64.1050,0.6582,0,0,0,0,1,0,-1,64.0430,1.3020,22.4160,0.0630,0.9930,1,0,64.1050,0.6582,0,0,0,0,-8.9000
22.7580,0.7140,77.0000,off,0,1,67.3120,-1.5020,21.7500,0.9970,-0.0840,1.0000,63.1670,1,0,-1,65.7930,1.5020,22.6200,0.0620,0.9970,1,0,65.7930,0.6712,0,0,0,0,1,0,-1,65.7930,1.5020,22.6200,0.0620,0.9970,1,0,65.7930,0.6712,0,0,0,0,1,0,-1,65.7930,1.5020,22.6200,0.0620,0.9970,1,0,65.7930,0.6712,0,0,0,0,-8.8525
22.7800,0.6070,77.0000,off,0,1,65.3120,-1.2740,21.5940,0.9970,-0.0850,1.0000,64.0430,1,0,-1,63.7920,1.2740,22.5230,0.0570,0.9970,1,0,63.8550,0.5644,0,0,0,0,1,0,-1,63.7920,1.2740,22.5230,0.0570,0.9970,1,0,63.8550,0.5644,0,0,0,0,1,0,-1,63.7920,1.2740,22.5230,0.0570,0.9970,1,0,63.8550,0.5644,0,0,0,0,-8.8024
22.7960,0.4950,77.0000,off,0,1,69.6880,-1.4660,22.0620,0.9940,-0.0870,1.0000,65.7930,1,0,-1,68.1680,1.4660,22.7630,0.0880,0.9960,1,0,68.2930,0.4519,0,0,0,0,1,0,-1,68.1680,1.4660,22.7630,0.0880,0.9960,1,0,68.2930,0.4519,0,0,0,0,1,0,-1,68.1680,1.4660,22.7630,0.0880,0.9960,1,0,68.2930,0.4519,0,0,0,0,-8.7527
22.8140,0.4410,77.0000,off,0,1,67.0000,-1.2270,21.5940,0.9940,-0.0880,1.0000,63.7920,1,0,-1,65.4800,1.2270,22.6510,0.0730,0.9960,1,0,65.6050,0.3978,0,0,0,0,1,0,-1,65.4800,1.2270,22.6510,0.0730,0.9960,1,0,65.6050,0.3978,0,0,0,0,1,0,-1,65.4800,1.2270,22.6510,0.0730,0.9960,1,0,65.6050,0.3978,0,0,0,0,-8.7022
22.8300,0.3960,77.0000,off,0,1,71.1880,-1.5400,22.1560,0.9940,-0.0890,1.0000,68.1680,1,0,-1,69.6680,1.5400,22.8730,0.0740,0.9960,1,0,69.7300,0.3533,0,0,0,0,1,0,-1,69.6680,1.5400,22.8730,0.0740,0.9960,1,0,69.7300,0.3533,0,0,0,0,1,0,-1,69.6680,1.5400,22.8730,0.0740,0.9960,1,0,69.7300,0.3533,0,0,0,0,-8.6518
22.8340,0.2620,77.0000,off,0,1,72.3120,-1.6360,22.1880,0.9930,-0.0900,1.0000,65.4800,1,0,-1,70.7930,1.6360,22.9260,0.0630,0.9950,1,0,70.7930,0.2187,0,0,0,0,1,0,-1,70.7930,1.6360,22.9260,0.0630,0.9950,1,0,70.7930,0.2187,0,0,0,0,1,0,-1,70.7930,1.6360,22.9260,0.0630,0.9950,1,0,70.7930,0.2187,0,0,0,0,-8.6023
22.8330,0.1510,77.0000,off,0,1,73.2500,-1.7150,22.8280,0.9950,-0.0900,1.0000,69.6680,1,0,-1,71.7300,1.7150,23.2650,0.0850,0.9950,1,0,71.7930,0.1083,0,0,0,0,1,0,-1,71.7300,1.7150,23.2650,0.0850,0.9950,1,0,71.7930,0.1083,0,0,0,0,1,0,-1,71.7300,1.7150,23.2650,0.0850,0.9950,1,0,71.7930,0.1083,0,0,0,0,-8.5524
22.8300,0.0900,77.0000,off,0,1,72.7500,-1.8500,21.9840,0.9950,-0.0900,1.0000,71.7300,1,0,-1,71.2300,1.8500,22.5690,0.0560,0.9950,1,0,71.2930,0.0467,0,0,0,0,1,0,-1,71.2300,1.8500,22.5690,0.0560,0.9950,1,0,71.2930,0.0467,0,0,0,0,1,0,-1,71.2300,1.8500,22.5690,0.0560,0.9950,1,0,71.2930,0.0467,0,0,0,0,-8.5012
22.8410,0.1270,77.0000,off,0,1,73.6880,-1.9730,22.5620,0.9940,-0.0900,1.0000,71.7300,1,0,-1,72.1680,1.9730,22.8950,0.0690,0.9950,1,0,72.2300,0.0841,0,0,0,0,1,1,19,54.8750,1.5620,23.2160,0.0000,0.9950,1,1,54.8750,0.0841,0,0,0,1,1,0,-1,72.1680,1.9730,22.8950,0.0690,0.9950,1,0,72.2300,0.0841,0,0,0,0,-8.4518
22.8430,0.0930,77.0000,off,0,1,76.0000,-2.2130,22.3590,0.9930,-0.0900,1.0000,72.1680,1,0,-1,74.4800,2.2130,22.8060,0.0710,0.9940,1,0,74.5430,0.0502,0,0,0,0,1,0,-1,74.4800,2.2130,22.8060,0.0710,0.9940,1,0,74.5430,0.0502,0,0,0,1,1,0,-1,74.4800,2.2130,22.8060,0.0710,0.9940,1,0,74.5430,0.0502,0,0,0,0,-8.4009
22.8500,0.1060,77.0000,pid,0,0,84.1880,-2.6270,22.4840,0.9890,-0.0900,1.0000,72.1680,1,0,-1,82.6680,2.6270,22.8060,0.0490,0.9930,1,0,82.6680,0.0073,0,0,0,0,1,0,-1,82.6680,2.6270,22.8060,0.0490,0.9930,1,0,82.6680,0.0073,0,0,0,1,1,0,-1,82.6680,2.6270,22.8060,0.0490,0.9930,1,0,82.6680,0.0073,0,0,0,0,-8.3515
22.8580,0.1380,77.0000,pid,0,0,79.9380,-2.4960,21.9220,0.9920,-0.1150,1.0000,74.4800,1,0,-1,78.4180,2.4960,22.3080,0.0310,0.9930,1,0,78.4800,-0.0356,0,0,0,0,1,1,19,62.2500,1.5940,23.2020,0.2350,0.9930,1,1,62.2500,-0.0356,0,0,0,1,1,0,-1,78.4180,2.4960,22.3080,0.0310,0.9930,1,0,78.4800,-0.0356,0,0,0,0,-8.3026
22.8570,0.0570,77.0000,pid,0,0,78.5000,-2.3050,22.3910,0.9930,-0.1390,1.0000,78.4180,1,0,-1,76.9800,2.3050,22.5500,0.0400,0.9930,1,0,77.0430,-0.0784,0,0,0,0,1,1,19,62.2500,1.5940,21.1070,-0.4180,0.9930,1,1,62.2500,-0.0784,0,0,0,1,1,0,-1,76.9800,2.3050,22.5500,0.0400,0.9930,1,0,77.0430,-0.0784,0,0,0,0,-8.2330
22.8610,0.0800,77.0000,pid,0,0,81.3750,-2.4360,22.2660,0.9900,-0.1620,1.0000,76.9800,1,0,-1,79.8550,2.4360,22.5050,0.0180,0.9930,1,0,79.9180,-0.1213,0,0,0,0,1,1,19,62.0000,1.6090,21.2590,-0.9020,0.9930,1,1,62.0000,-0.1213,0,0,0,1,1,0,-1,79.8550,2.4360,22.5050,0.0180,0.9930,1,0,79.9180,-0.1213,0,0,0,0,-8.2000
22.8690,0.1040,77.0000,pid,0,0,77.1250,-2.2930,22.3440,0.9910,-0.1830,1.0000,76.9800,1,0,-1,75.6050,2.2930,22.5720,0.0180,0.9920,1,0,75.6680,-0.1641,0,0,0,0,1,1,19,61.5620,1.5780,21.2560,-1.2840,0.9920,1,1,61.5620,-0.1641,0,0,0,1,1,0,-1,75.6050,2.2930,22.5720,0.0180,0.9920,1,0,75.6680,-0.1641,0,0,0,0,-8.1515
22.8730,0.0900,77.0000,pid,0,0,76.3120,-2.3570,22.2660,0.9910,-0.2030,1.0000,79.8550,1,0,-1,74.7930,2.3570,22.5360,0.0200,0.9920,1,0,74.8550,-0.2069,0,0,0,0,1,1,19,61.5620,1.5780,21.2590,-1.5760,0.9920,1,1,61.5620,-0.2069,0,0,0,1,1,0,-1,74.7930,2.3570,22.5360,0.0200,0.9920,1,0,74.8550,-0.2069,0,0,0,0,-8.1012
22.8670,0.0010,77.0000,pid,0,0,75.5000,-2.4160,22.3280,0.9910,-0.2220,1.0000,75.6050,1,0,-1,73.9800,2.4160,22.4040,0.0150,0.9920,1,0,74.1050,-0.2498,0,0,0,0,1,1,19,61.9380,1.6250,21.7170,-1.6610,0.9920,1,1,61.9380,-0.2498,0,0,0,1,1,0,-1,73.9800,2.4160,22.4040,0.0150,0.9920,1,0,74.1050,-0.2498,0,0,0,0,-8.0521
22.8470,-0.1640,77.0000,pid,0,0,79.6880,-2.6210,21.7970,0.9890,-0.2400,1.0000,74.7930,1,0,-1,78.1680,2.6210,22.1530,-0.0000,0.9910,1,0,78.2300,-0.2927,0,0,0,0,1,1,19,62.2500,1.6090,20.9160,-1.9360,0.9910,1,1,62.2500,-0.2927,0,0,0,1,1,0,-1,78.1680,2.6210,22.1530,-0.0000,0.9910,1,0,78.2300,-0.2927,0,0,0,0,-8.0028
22.8500,-0.0830,77.0000,pid,0,0,76.6250,-2.5210,22.0470,0.9900,-0.2570,1.0000,73.9800,1,0,-1,75.1050,2.5210,22.2180,0.0200,0.9910,1,0,75.1680,-0.3355,0,0,0,0,1,1,19,62.0620,1.5940,20.0640,-2.3750,0.9910,1,1,62.0620,-0.3355,0,0,0,1,1,0,-1,75.1050,2.5210,22.2180,0.0200,0.9910,1,0,75.1680,-0.3355,0,0,0,0,-7.9526
22.8440,-0.0890,77.0000,pid,0,0,74.3750,-2.3180,22.0620,0.9920,-0.2720,1.0000,78.1680,1,0,-1,72.8550,2.3180,22.2090,0.0370,0.9920,1,0,72.9180,-0.3784,0,0,0,0,1,1,19,62.0620,1.5940,19.6380,-2.8210,0.9920,1,1,62.0620,-0.3784,0,0,0,1,1,0,-1,72.8550,2.3180,22.2090,0.0370,0.9920,1,0,72.9180,-0.3784,0,0,0,0,-7.9021
22.8500,-0.0140,77.0000,pid,0,0,76.5000,-2.3460,22.5620,0.9920,-0.2870,1.0000,75.1050,1,0,-1,74.9800,2.3460,22.4330,0.0450,0.9920,1,0,75.1050,-0.4213,0,0,0,0,1,1,19,62.0620,1.5940,19.6440,-3.1430,0.9920,1,1,62.0620,-0.4213,0,0,0,1,1,0,-1,74.9800,2.3460,22.4330,0.0450,0.9920,1,0,75.1050,-0.4213,0,0,0,0,-7.8530
22.8500,-0.0040,77.0000,pid,0,0,77.8120,-2.4570,21.7660,0.9900,-0.3010,1.0000,74.9800,1,0,-1,76.2930,2.4570,21.7680,0.0170,0.9920,1,0,76.4800,-0.4641,0,0,0,0,1,1,19,63.5000,1.6090,19.9410,-3.2750,0.9920,1,1,63.5000,-0.4641,0,0,0,1,1,0,-1,76.2930,2.4570,21.7680,0.0170,0.9920,1,0,76.4800,-0.4641,0,0,0,0,-7.8004
22.8190,-0.2580,77.0000,pid,0,0,74.5000,-2.3460,21.9380,0.9940,-0.3140,1.0000,74.9800,1,0,-1,72.9800,2.3460,21.8900,0.0300,0.9940,1,0,73.0430,-0.5070,0,0,0,0,1,1,19,63.4380,1.5620,19.7500,-3.3910,0.9940,1,1,63.4380,-0.5070,0,0,0,1,1,0,-1,72.9800,2.3460,21.8900,0.0300,0.9940,1,0,73.0430,-0.5070,0,0,0,0,-7.7517
22.8110,-0.2230,77.0000,pid,0,0,72.1880,-2.1500,21.8750,0.9940,-0.3260,1.0000,76.2930,1,0,-1,70.6680,2.1500,21.8760,0.0400,0.9940,1,0,70.7300,-0.5500,0,0,0,0,1,1,19,63.4380,1.5620,19.7410,-3.4400,0.9940,1,1,63.4380,-0.5500,0,0,0,1,1,0,-1,70.6680,2.1500,21.8760,0.0400,0.9940,1,0,70.7300,-0.5500,0,0,0,0,-7.7022
22.8050,-0.1810,77.0000,pid,0,0,71.9380,-1.9630,22.0310,0.9930,-0.3380,1.0000,72.9800,1,0,-1,70.4180,1.9630,21.7620,0.0380,0.9940,1,0,70.4800,-0.5929,0,0,0,0,1,1,19,57.9380,1.4380,19.1240,-3.6070,0.9940,1,1,57.9380,-0.5929,0,0,0,1,1,0,-1,70.4180,1.9630,21.7620,0.0380,0.9940,1,0,70.4800,-0.5929,0,0,0,0,-7.6516
22.8010,-0.1440,77.0000,pid,0,0,75.3750,-2.1620,22.3120,0.9920,-0.3480,1.0000,70.6680,1,0,-1,73.8550,2.1620,22.1350,0.0440,0.9940,1,0,73.9180,-0.6358,0,0,0,0,1,1,19,57.7500,1.3910,18.0760,-3.9900,0.9940,1,1,57.7500,-0.6358,0,0,0,1,1,0,-1,73.8550,2.1620,22.1350,0.0440,0.9940,1,0,73.9180,-0.6358,0,0,0,0,-7.6017
22.7970,-0.1170,77.0000,pid,0,0,74.6250,-2.1110,22.3120,0.9930,-0.3580,1.0000,70.4180,1,0,-1,73.1050,2.1110,21.9050,0.0480,0.9940,1,0,73.1680,-0.6788,0,0,0,0,1,1,19,62.8750,1.3280,17.2090,-4.4940,0.9940,1,1,62.8750,-0.8356,1,0,0,1,1,0,-1,73.1050,2.1110,21.9050,0.0480,0.9940,1,0,73.1680,-0.6788,0,0,0,0,-7.5514
22.7950,-0.0910,77.0000,pid,0,0,70.3750,-1.7920,22.1560,0.9940,-0.3670,1.0000,73.1050,1,0,-1,68.8550,1.7920,21.9720,0.0480,0.9940,1,0,68.9180,-0.7217,0,0,0,0,1,1,19,64.1880,1.3280,18.5310,-4.4630,0.9940,1,1,64.1880,-0.8605,1,0,0,1,1,0,-1,68.8550,1.7920,21.9720,0.0480,0.9940,1,0,68.9180,-0.7217,0,0,0,0,-7.5016
22.7740,-0.2270,77.0000,pid,0,0,70.9380,-2.0590,22.1250,0.9870,-0.3760,1.0000,73.1050,1,0,-1,69.4180,2.0590,21.9200,0.0520,0.9930,1,0,69.4180,-0.7647,0,0,0,0,1,1,19,64.3750,1.3280,18.7130,-4.3220,0.9930,1,1,64.3750,-0.9406,1,0,0,1,1,0,-1,69.4180,2.0590,21.9200,0.0520,0.9930,1,0,69.4180,-0.7647,0,0,0,0,-7.4514
22.7600,-0.2420,77.0000,pid,0,0,69.0620,-1.7200,22.7970,0.9890,-0.3830,1.0000,68.8550,1,0,-1,67.5430,1.7200,22.5580,0.0520,0.9920,1,0,67.4800,-0.8077,0,0,0,0,1,1,19,64.5000,1.3280,18.3820,-4.2400,0.9920,1,1,64.5000,-1.0204,1,0,0,1,1,0,-1,67.5430,1.7200,22.5580,0.0520,0.9920,1,0,67.4800,-0.8077,0,0,0,0,-7.4019
22.7410,-0.3070,77.0000,pid,0,0,65.8750,-1.4650,22.8440,0.9930,-0.3900,1.0000,69.4180,1,0,-1,64.3550,1.4650,22.5110,0.0430,0.9930,1,0,64.3550,-0.8507,0,0,0,0,1,1,19,64.1880,1.2660,17.5240,-4.3570,0.9930,1,1,64.1880,-1.1848,1,0,0,1,1,0,-1,64.3550,1.4650,22.5110,0.0430,0.9930,1,0,64.3550,-0.8507,0,0,0,0,-7.3516
22.7310,-0.2590,77.0000,pid,0,0,65.4380,-1.2760,22.3440,0.9960,-0.3970,1.0000,67.5430,1,0,-1,63.9170,1.2760,22.2270,0.0210,0.9960,1,0,63.9170,-0.8937,0,0,0,0,1,1,19,64.1880,1.2660,17.5140,-4.3940,0.9960,1,1,64.1880,-1.3007,1,0,0,1,1,0,-1,63.9170,1.2760,22.2270,0.0210,0.9960,1,0,63.9170,-0.8937,0,0,0,0,-7.3025
22.7120,-0.3020,77.0000,pid,0,0,67.2500,-1.2360,22.5780,0.9960,-0.4020,1.0000,64.3550,1,0,-1,65.7300,1.2360,22.2910,0.0170,0.9960,1,0,65.7300,-0.9367,0,0,0,0,1,1,19,66.2500,1.1410,17.2000,-4.4500,0.9960,1,1,66.2500,-1.4252,1,0,0,1,1,0,-1,65.7300,1.2360,22.2910,0.0170,0.9960,1,0,65.7300,-0.9367,0,0,0,0,-7.2538
22.6910,-0.3110,77.0000,pid,0,0,68.2500,-1.1710,22.0000,0.9940,-0.4070,1.0000,65.7300,1,0,-1,66.7300,1.1710,21.6930,-0.0050,0.9960,1,0,66.7930,-0.9798,0,0,0,0,1,1,19,65.4380,1.0780,15.8350,-4.8220,0.9960,1,1,65.4380,-1.7499,1,0,0,1,1,0,-1,66.7300,1.1710,21.6930,-0.0050,0.9960,1,0,66.7930,-0.9798,0,0,0,0,-7.1787
22.6760,-0.3370,77.0000,pid,0,0,63.5620,-1.0380,22.0620,0.9970,-0.4120,1.0000,66.7300,1,0,-1,62.0420,1.0380,21.7770,0.0150,0.9970,1,0,62.0420,-1.0229,0,0,0,0,1,1,19,64.2500,1.0310,16.4480,-4.8820,0.9970,1,1,64.2500,-1.8720,1,0,0,1,1,0,-1,62.0420,1.0380,21.7770,0.0150,0.9970,1,0,62.0420,-1.0229,0,0,0,0,-7.1293
22.6560,-0.3640,77.0000,pid,0,0,64.3120,-1.0660,22.6720,0.9970,-0.4160,1.0000,62.0420,1,0,-1,62.7920,1.0660,22.3860,0.0240,0.9970,1,0,62.7920,-1.0660,0,0,0,0,1,1,19,63.1250,1.0160,17.3330,-4.6090,0.9970,1,1,63.1250,-1.9649,1,0,0,1,1,0,-1,62.7920,1.0660,22.3860,0.0240,0.9970,1,0,62.7920,-1.0660,0,0,0,0,-7.0809
22.6350,-0.3740,77.0000,pid,0,0,65.6880,-1.1270,22.7340,0.9960,-0.4200,1.0000,62.7920,1,0,-1,64.1680,1.1270,22.4280,0.0320,0.9970,1,0,64.1680,-1.1092,0,0,0,0,1,1,19,62.4380,1.0000,19.1430,-3.8030,0.9970,1,1,62.4380,-2.0298,1,0,0,1,1,0,-1,64.1680,1.1270,22.4280,0.0320,0.9970,1,0,64.1680,-1.1092,0,0,0,0,-7.0310
22.6160,-0.3860,77.0000,pid,0,0,64.2500,-1.1000,22.6250,0.9960,-0.4230,1.0000,64.1680,1,0,-1,62.7300,1.1000,22.2420,0.0130,0.9970,1,0,62.6670,-1.1524,0,0,0,0,1,1,19,62.2500,0.9530,20.0490,-2.8330,0.9970,1,1,62.2500,-2.0694,1,0,0,1,1,0,-1,62.7300,1.1000,22.2420,0.0130,0.9970,1,0,62.6670,-1.1524,0,0,0,0,-6.9817
22.5920,-0.4210,77.0000,pid,0,0,68.6880,-1.1620,21.6560,0.9940,-0.4250,1.0000,62.7300,1,0,-1,67.1680,1.1620,21.4760,-0.0290,0.9960,1,0,67.1680,-1.1956,0,0,0,0,1,1,19,62.2500,0.9060,20.3450,-1.9170,0.9960,1,1,62.2500,-2.0872,1,0,0,1,1,0,-1,67.1680,1.1620,21.4760,-0.0290,0.9960,1,0,67.1680,-1.1956,0,0,0,0,-6.9324
22.5820,-0.4000,77.0000,pid,0,0,65.2500,-1.0390,22.0160,0.9960,-0.4270,1.0000,67.1680,1,0,-1,63.7300,1.0390,21.8810,0.0070,0.9960,1,0,63.6670,-1.1927,0,0,0,0,1,1,19,62.2500,0.9060,20.3340,-1.1460,0.9960,1,1,62.2500,-2.0859,1,0,0,1,1,0,-1,63.7300,1.0390,21.8810,0.0070,0.9960,1,0,63.6670,-1.1927,0,0,0,0,-6.9000
22.5610,-0.4080,77.0000,pid,0,0,65.3120,-1.0200,21.2810,0.9970,-0.4290,1.0000,67.1680,1,0,-1,63.7920,1.0200,20.8630,-0.0400,0.9970,1,0,63.8550,-1.1718,0,0,0,0,1,1,19,64.3750,0.8120,20.6520,-0.4100,0.9970,1,1,64.3750,-2.0446,1,0,0,1,1,0,-1,63.7920,1.0200,20.8630,-0.0400,0.9970,1,0,63.8550,-1.1718,0,0,0,0,-6.8516
22.5440,-0.3860,77.0000,pid,0,0,62.8440,-0.9690,21.7970,0.9970,-0.4300,1.0000,63.7920,1,0,-1,61.3240,0.9690,21.3990,-0.0200,0.9970,1,0,61.2610,-1.1547,0,0,0,0,1,1,19,64.8750,0.7810,21.0940,0.3220,0.9970,1,1,64.8750,-1.9920,1,0,0,1,1,0,-1,61.3240,0.9690,21.3990,-0.0200,0.9970,1,0,61.2610,-1.1547,0,0,0,0,-6.8017
22.5240,-0.3920,77.0000,pid,0,0,63.7500,-0.9880,19.6090,0.9980,-0.4310,1.0000,63.7920,1,0,-1,62.2300,0.9880,19.3230,-0.1610,0.9980,1,0,62.2610,-1.1348,0,0,0,0,1,1,19,65.1880,0.7970,20.9320,0.8680,0.9980,1,1,65.1880,-1.9261,1,0,0,1,1,0,-1,62.2300,0.9880,19.3230,-0.1610,0.9980,1,0,62.2610,-1.1348,0,0,0,0,-6.7519
22.5040,-0.3940,77.0000,pid,0,0,64.0000,-0.9580,21.5470,0.9960,-0.4280,1.0000,61.3240,1,0,-1,62.4800,0.9580,21.2220,-0.0380,0.9970,1,0,62.4800,-1.1152,0,0,0,0,1,1,19,65.6880,0.7660,21.0900,1.3470,0.9970,1,1,65.6880,-1.8401,1,0,0,1,1,0,-1,62.4800,0.9580,21.2220,-0.0380,0.9970,1,0,62.4800,-1.1152,0,0,0,0,-6.7014
22.4880,-0.3690,77.0000,pid,0,0,65.7500,-0.9790,21.0940,0.9930,-0.4280,1.0000,62.2300,1,0,-1,64.2300,0.9790,20.6020,-0.1210,0.9960,1,0,64.2930,-1.0991,0,0,0,0,1,1,19,65.6880,0.7660,21.0740,1.7130,0.9960,1,1,65.6880,-1.7418,1,0,0,1,1,0,-1,64.2300,0.9790,20.6020,-0.1210,0.9960,1,0,64.2930,-1.0991,0,0,0,0,-6.6518
22.4710,-0.3480,77.0000,pid,0,0,60.4690,-0.8580,22.0470,0.9970,-0.4280,1.0000,62.4800,1,0,-1,58.9490,0.8580,21.5580,-0.0370,0.9970,1,0,58.8550,-1.0826,0,0,0,0,1,1,19,65.6880,0.7660,21.2020,2.0230,0.9970,1,1,65.6880,-1.6248,1,0,0,1,1,0,-1,58.9490,0.8580,21.5580,-0.0370,0.9970,1,0,58.8550,-1.0826,0,0,0,0,-6.6018
22.4540,-0.3490,77.0000,pid,0,0,63.1880,-0.8800,22.1560,0.9960,-0.4270,1.0000,64.2300,1,0,-1,61.6670,0.8800,21.7250,-0.0300,0.9970,1,0,61.6050,-1.0650,0,0,0,0,1,1,19,63.8750,0.7030,20.9260,2.1690,0.9970,1,1,63.8750,-1.5090,1,0,0,1,1,0,-1,61.6670,0.8800,21.7250,-0.0300,0.9970,1,0,61.6050,-1.0650,0,0,0,0,-6.5521
22.4390,-0.3370,77.0000,pid,0,0,66.0620,-0.8790,21.8440,0.9960,-0.4260,1.0000,61.6670,1,0,-1,64.5430,0.8790,21.3780,-0.0670,0.9960,1,0,64.4800,-1.0498,0,0,0,0,1,1,19,63.8750,0.7030,20.9110,2.2520,0.9960,1,1,63.8750,-1.3790,1,0,0,1,1,0,-1,64.5430,0.8790,21.3780,-0.0670,0.9960,1,0,64.4800,-1.0498,0,0,0,0,-6.5012
22.4240,-0.3320,77.0000,pid,0,0,67.8120,-0.8200,22.4060,0.9950,-0.4240,1.0000,61.6670,1,0,-1,66.2930,0.8200,21.8320,-0.0450,0.9960,1,0,66.2300,-1.0350,0,0,0,0,1,1,19,63.4380,0.6410,21.8130,2.5450,0.9960,1,1,63.4380,-1.2174,1,0,0,1,1,0,-1,66.2930,0.8200,21.8320,-0.0450,0.9960,1,0,66.2300,-1.0350,0,0,0,0,-6.4535
22.4010,-0.3330,77.0000,pid,0,0,64.3750,-0.6780,21.8910,0.9960,-0.4220,1.0000,66.2930,1,0,-1,62.8550,0.6780,21.5750,-0.0500,0.9960,1,0,62.7920,-1.0116,0,0,0,0,1,1,19,63.7500,0.5940,21.6760,2.7090,0.9960,1,1,63.7500,-1.0603,1,0,0,1,1,0,-1,62.8550,0.6780,21.5750,-0.0500,0.9960,1,0,62.7920,-1.0116,0,0,0,0,-6.3814
22.3830,-0.3260,77.0000,pid,0,0,62.5940,-0.6510,22.0780,0.9960,-0.4200,1.0000,62.8550,1,0,-1,61.0740,0.6510,21.7270,-0.0320,0.9960,1,0,60.9800,-0.9944,0,0,0,0,1,1,19,66.5620,0.5310,21.8390,2.8500,0.9960,1,1,66.5620,-0.9944,0,0,0,1,1,0,-1,61.0740,0.6510,21.7270,-0.0320,0.9960,1,0,60.9800,-0.9944,0,0,0,0,-6.3319
22.3870,-0.2110,77.0000,pid,0,0,61.8440,-0.5690,21.5780,0.9970,-0.4180,1.0000,61.0740,1,0,-1,60.3240,0.5690,21.2680,-0.0370,0.9970,1,0,60.1990,-0.9979,0,0,0,0,1,1,19,68.7500,0.5310,21.8620,2.9320,0.9970,1,1,68.7500,-0.9979,0,0,0,1,1,0,-1,60.3240,0.5690,21.2680,-0.0370,0.9970,1,0,60.1990,-0.9979,0,0,0,0,-6.3005
22.3580,-0.3360,77.0000,pid,0,0,62.4380,-0.3670,21.2660,0.9970,-0.4150,1.0000,60.3240,1,0,-1,60.9170,0.3670,20.7940,-0.0700,0.9970,1,0,60.8240,-0.9687,0,0,0,0,1,1,19,68.7500,0.5310,22.2690,3.0720,0.9970,1,1,68.7500,-0.9687,0,0,0,1,1,0,-1,60.9170,0.3670,20.7940,-0.0700,0.9970,1,0,60.8240,-0.9687,0,0,0,0,-6.2500
22.3500,-0.2890,77.0000,pid,0,0,61.1880,-0.4980,20.4530,0.9970,-0.4120,1.0000,60.3240,1,0,-1,59.6670,0.4980,20.1060,-0.1030,0.9970,1,0,59.6050,-0.9613,0,0,0,0,1,1,19,70.1250,0.5310,22.2720,3.1440,0.9970,1,1,70.1250,-0.9613,0,0,0,1,1,0,-1,59.6670,0.4980,20.1060,-0.1030,0.9970,1,0,59.6050,-0.9613,0,0,0,0,-6.2017
22.3120,-0.4690,77.0000,pid,0,0,60.4690,-0.3510,20.6560,0.9980,-0.4090,1.0000,60.9170,1,0,-1,58.9490,0.3510,20.4220,-0.0890,0.9980,1,0,58.8240,-0.9232,0,0,0,0,1,1,19,70.1250,0.5310,22.2340,3.1470,0.9980,1,1,70.1250,-0.9232,0,0,0,1,1,0,-1,58.9490,0.3510,20.4220,-0.0890,0.9980,1,0,58.8240,-0.9232,0,0,0,0,-6.1519
22.2950,-0.4220,77.0000,pid,0,0,62.2190,-0.3400,21.2500,0.9960,-0.4060,1.0000,59.6670,1,0,-1,60.6990,0.3400,20.8480,-0.0610,0.9970,1,0,60.6050,-0.9059,0,0,0,0,1,1,19,69.9380,0.2970,22.4640,3.1700,0.9970,1,1,69.9380,-0.9059,0,0,0,1,1,0,-1,60.6990,0.3400,20.8480,-0.0610,0.9970,1,0,60.6050,-0.9059,0,0,0,0,-6.1032
22.2610,-0.4520,77.0000,pid,0,0,61.6560,-0.2880,20.3120,0.9980,-0.4020,1.0000,60.6990,1,0,-1,60.1360,0.2880,19.9520,-0.1090,0.9980,1,0,60.0420,-0.8726,0,0,0,0,1,1,19,67.7500,0.2660,22.4480,3.1380,0.9980,1,1,67.7500,-0.8726,0,0,0,1,1,0,-1,60.1360,0.2880,19.9520,-0.1090,0.9980,1,0,60.0420,-0.8726,0,0,0,0,-6.0310
22.2450,-0.4230,77.0000,pid,0,0,59.5620,-0.1840,20.1560,0.9960,-0.3980,1.0000,60.1360,1,0,-1,58.0420,0.1840,19.7230,-0.2010,0.9970,1,0,57.9170,-0.8558,0,0,0,0,1,1,19,67.7500,0.2660,22.4310,3.0630,0.9970,1,1,67.7500,-0.8558,0,0,0,1,1,0,-1,58.0420,0.1840,19.7230,-0.2010,0.9970,1,0,57.9170,-0.8558,0,0,0,0,-5.9828
22.2250,-0.4830,77.0000,pid,0,0,62.9380,-0.0190,21.2660,0.9940,-0.3940,1.0000,58.0420,1,0,-1,61.4170,0.0190,20.7930,-0.0910,0.9970,1,0,61.2610,-0.8358,0,0,0,0,1,1,19,63.6250,0.2190,22.6020,3.0070,0.9970,1,1,63.6250,-0.8358,0,0,0,1,1,0,-1,61.4170,0.0190,20.7930,-0.0910,0.9970,1,0,61.2610,-0.8358,0,0,0,0,-5.9502
22.2140,-0.3870,77.0000,pid,0,0,62.0000,-0.0350,21.0940,0.9960,-0.3900,1.0000,58.0420,1,0,-1,60.4800,0.0350,20.5160,-0.1660,0.9970,1,0,60.3550,-0.8249,0,0,0,0,1,1,19,63.6250,0.2190,22.5920,2.9160,0.9970,1,1,63.6250,-0.8249,0,0,0,1,1,0,-1,60.4800,0.0350,20.5160,-0.1660,0.9970,1,0,60.3550,-0.8249,0,0,0,0,-5.9022
22.1860,-0.4600,77.0000,pid,0,0,63.2190,-0.0610,20.3120,0.9950,-0.3860,1.0000,61.4170,1,0,-1,61.6990,0.0610,19.8760,-0.2060,0.9960,1,0,61.6360,-0.7967,0,0,0,0,1,1,19,63.6250,0.2190,22.2720,2.7080,0.9960,1,1,63.6250,-0.7967,0,0,0,1,1,0,-1,61.6990,0.0610,19.8760,-0.2060,0.9960,1,0,61.6360,-0.7967,0,0,0,0,-5.8529
22.1640,-0.4490,77.0000,pid,0,0,64.6250,-0.0250,21.5310,0.9950,-0.3790,1.0000,60.4800,1,0,-1,63.1050,0.0250,21.0540,-0.0650,0.9960,1,0,63.0420,-0.7748,0,0,0,0,1,1,19,60.7500,0.0940,22.2530,2.4940,0.9960,1,1,60.7500,-0.7748,0,0,0,1,1,0,-1,63.1050,0.0250,21.0540,-0.0650,0.9960,1,0,63.0420,-0.7748,0,0,0,0,-5.8083
22.1250,-0.4780,77.0000,pid,0,0,59.1250,0.0890,21.7030,0.9970,-0.3750,1.0000,63.1050,1,0,-1,57.6050,-0.0890,21.1870,-0.0930,0.9970,1,0,57.4490,-0.7359,0,0,0,0,1,1,19,63.1250,-0.0780,22.4170,2.3320,0.9970,1,1,63.1250,-0.7359,0,0,0,1,1,0,-1,57.6050,-0.0890,21.1870,-0.0930,0.9970,1,0,57.4490,-0.7359,0,0,0,0,-5.7322
22.1120,-0.4660,77.0000,pid,0,0,60.2500,0.1530,21.4690,0.9970,-0.3710,1.0000,57.6050,1,0,-1,58.7300,-0.1530,20.9590,-0.1010,0.9970,1,0,58.5740,-0.7233,0,0,0,0,1,1,19,66.5620,-0.0940,21.5090,1.9060,0.9970,1,1,66.5620,-0.7233,0,0,0,1,1,0,-1,58.7300,-0.1530,20.9590,-0.1010,0.9970,1,0,58.5740,-0.7233,0,0,0,0,-5.7001
22.0920,-0.4370,77.0000,pid,0,0,60.3440,0.0870,21.4840,0.9970,-0.3660,1.0000,57.6050,1,0,-1,58.8240,-0.0870,21.0860,-0.0960,0.9970,1,0,58.6670,-0.7026,0,0,0,0,1,1,19,66.5620,-0.0940,21.8330,1.6250,0.9970,1,1,66.5620,-0.7026,0,0,0,1,1,0,-1,58.8240,-0.0870,21.0860,-0.0960,0.9970,1,0,58.6670,-0.7026,0,0,0,0,-5.6520
22.0780,-0.3670,77.0000,pid,0,0,61.9690,0.1660,20.7190,0.9950,-0.3610,1.0000,58.7300,1,0,-1,60.4490,-0.1660,20.2120,-0.1130,0.9970,1,0,60.3240,-0.6888,0,0,0,0,1,1,19,68.4380,-0.0940,21.5420,1.2890,0.9970,1,1,68.4380,-0.6888,0,0,0,1,1,0,-1,60.4490,-0.1660,20.2120,-0.1130,0.9970,1,0,60.3240,-0.6888,0,0,0,0,-5.6020
22.0530,-0.4210,77.0000,pid,0,0,61.1880,0.2010,21.9840,0.9970,-0.3560,1.0000,60.4490,1,0,-1,59.6670,-0.2010,21.4910,-0.0810,0.9970,1,0,59.4800,-0.6641,0,0,0,0,1,1,19,68.4380,-0.0940,21.5170,0.9900,0.9970,1,1,68.4380,-0.6641,0,0,0,1,1,0,-1,59.6670,-0.2010,21.4910,-0.0810,0.9970,1,0,59.4800,-0.6641,0,0,0,0,-5.5511
22.0310,-0.4340,77.0000,pid,0,0,61.2500,0.1740,21.7810,0.9970,-0.3510,1.0000,60.4490,1,0,-1,59.7300,-0.1740,21.2840,-0.0650,0.9970,1,0,59.5740,-0.6416,0,0,0,0,1,1,19,64.1250,-0.2190,21.5280,0.7340,0.9970,1,1,64.1250,-0.6416,0,0,0,1,1,0,-1,59.7300,-0.1740,21.2840,-0.0650,0.9970,1,0,59.5740,-0.6416,0,0,0,0,-5.5027
21.9970,-0.5240,77.0000,pid,0,0,60.4690,0.2060,20.3120,0.9970,-0.3460,1.0000,59.6670,1,0,-1,58.9490,-0.2060,20.0450,-0.0870,0.9970,1,0,58.8240,-0.6084,0,0,0,0,1,1,19,64.1250,-0.2190,21.5420,0.5200,0.9970,1,1,64.1250,-0.6084,0,0,0,1,1,0,-1,58.9490,-0.2060,20.0450,-0.0870,0.9970,1,0,58.8240,-0.6084,0,0,0,0,-5.4522
21.9840,-0.4210,77.0000,pid,0,0,60.5000,0.2350,20.2660,0.9970,-0.3410,1.0000,59.7300,1,0,-1,58.9800,-0.2350,19.8910,-0.0950,0.9970,1,0,58.8550,-0.5954,0,0,0,0,1,1,19,62.8750,-0.3440,21.3700,0.2890,0.9970,1,1,62.8750,-0.5954,0,0,0,1,1,0,-1,58.9800,-0.2350,19.8910,-0.0950,0.9970,1,0,58.8550,-0.5954,0,0,0,0,-5.4013
21.9600,-0.4340,77.0000,pid,0,0,59.8750,0.2750,20.1880,0.9980,-0.3360,1.0000,58.9490,1,0,-1,58.3550,-0.2750,19.8450,-0.1060,0.9980,1,0,58.2300,-0.5710,0,0,0,0,1,1,19,59.1250,-0.3750,21.2430,0.0600,0.9980,1,1,59.1250,-0.5710,0,0,0,1,1,0,-1,58.3550,-0.2750,19.8450,-0.1060,0.9980,1,0,58.2300,-0.5710,0,0,0,0,-5.3517
21.9410,-0.4130,77.0000,pid,0,0,60.9690,0.2770,19.5160,0.9980,-0.3300,1.0000,58.9800,1,0,-1,59.4490,-0.2770,19.1730,-0.1300,0.9980,1,0,59.3550,-0.5519,0,0,0,0,1,1,19,61.3120,-0.3590,20.7910,-0.2570,0.9980,1,1,61.3120,-0.5519,0,0,0,1,1,0,-1,59.4490,-0.2770,19.1730,-0.1300,0.9980,1,0,59.3550,-0.5519,0,0,0,0,-5.3021
21.9230,-0.3990,77.0000,pid,0,0,60.4690,0.3390,20.3280,0.9980,-0.3250,1.0000,58.3550,1,0,-1,58.9490,-0.3390,19.8550,-0.1200,0.9980,1,0,58.8240,-0.5339,0,0,0,0,1,1,19,61.3120,-0.3590,20.7730,-0.5170,0.9980,1,1,61.3120,-0.5339,0,0,0,1,1,0,-1,58.9490,-0.3390,19.8550,-0.1200,0.9980,1,0,58.8240,-0.5339,0,0,0,0,-5.2534
21.9100,-0.3410,77.0000,pid,0,0,59.0620,0.3000,20.2500,0.9980,-0.3200,1.0000,58.9490,1,0,-1,57.5420,-0.3000,19.7820,-0.1550,0.9980,1,0,57.3860,-0.5207,0,0,0,0,1,1,19,60.1250,-0.3750,20.9430,-0.6730,0.9980,1,1,60.1250,-0.5207,0,0,0,1,1,0,-1,57.5420,-0.3000,19.7820,-0.1550,0.9980,1,0,57.3860,-0.5207,0,0,0,0,-5.2003
21.8980,-0.2920,77.0000,pid,0,0,60.5000,0.2810,19.9840,0.9980,-0.3140,1.0000,58.9490,1,0,-1,58.9800,-0.2810,19.5800,-0.1800,0.9980,1,0,58.8550,-0.5092,0,0,0,0,1,1,19,60.0620,-0.4530,20.4810,-0.9220,0.9980,1,1,60.0620,-0.5092,0,0,0,1,1,0,-1,58.9800,-0.2810,19.5800,-0.1800,0.9980,1,0,58.8550,-0.5092,0,0,0,0,-5.1519
21.8920,-0.2280,77.0000,pid,0,0,59.5000,0.3820,20.0000,0.9970,-0.3090,1.0000,57.5420,1,0,-1,57.9800,-0.3820,19.5520,-0.2470,0.9980,1,0,57.7920,-0.5028,0,0,0,0,1,1,19,61.1880,-0.4840,19.8720,-1.2860,0.9980,1,1,61.1880,-0.5028,0,0,0,1,1,0,-1,57.9800,-0.3820,19.5520,-0.2470,0.9980,1,0,57.7920,-0.5028,0,0,0,0,-5.1030
21.8830,-0.2110,77.0000,pid,0,0,58.5000,0.4100,20.1880,0.9970,-0.3050,1.0000,58.9800,1,0,-1,56.9800,-0.4100,19.7490,-0.2270,0.9980,1,0,56.7610,-0.4940,0,0,0,0,1,1,19,61.5620,-0.5160,19.7220,-1.6080,0.9980,1,1,61.5620,-0.4940,0,0,0,1,1,0,-1,56.9800,-0.4100,19.7490,-0.2270,0.9980,1,0,56.7610,-0.4940,0,0,0,0,-5.0526
21.8710,-0.2170,77.0000,pid,0,0,59.3120,0.4450,19.9690,0.9980,-0.3000,1.0000,57.9800,1,0,-1,57.7920,-0.4450,19.8010,-0.2000,0.9980,1,0,57.5740,-0.4823,0,0,0,0,1,1,19,61.5620,-0.5160,19.7100,-1.8500,0.9980,1,1,61.5620,-0.4823,0,0,0,1,1,0,-1,57.7920,-0.4450,19.8010,-0.2000,0.9980,1,0,57.5740,-0.4823,0,0,0,0,-5.0070
21.8600,-0.2140,77.0000,pid,0,0,60.4380,0.5510,20.2340,0.9960,-0.2950,1.0000,57.7920,1,0,-1,58.9170,-0.5510,19.7930,-0.2320,0.9970,1,0,58.6670,-0.4715,0,0,0,0,1,1,19,62.1250,-0.5780,19.7160,-2.0200,0.9970,1,1,62.1250,-0.4715,0,0,0,1,1,0,-1,58.9170,-0.5510,19.7930,-0.2320,0.9970,1,0,58.6670,-0.4715,0,0,0,0,-4.9502
21.8460,-0.2470,77.0000,pid,0,0,58.7810,0.5000,19.8910,0.9980,-0.2900,1.0000,57.7920,1,0,-1,57.2610,-0.5000,19.4910,-0.2490,0.9980,1,0,57.0740,-0.4573,0,0,0,0,1,1,19,63.9380,-0.6250,19.8800,-2.0830,0.9980,1,1,63.9380,-0.4573,0,0,0,1,1,0,-1,57.2610,-0.5000,19.4910,-0.2490,0.9980,1,0,57.0740,-0.4573,0,0,0,0,-4.9036
21.8270,-0.2670,77.0000,pid,0,0,59.5000,0.5660,19.1250,0.9970,-0.2850,1.0000,57.2610,1,0,-1,57.9800,-0.5660,18.9140,-0.2690,0.9980,1,0,57.7610,-0.4386,0,0,0,0,1,1,19,63.9380,-0.6250,20.1860,-2.0170,0.9980,1,1,63.9380,-0.4386,0,0,0,1,1,1,1,63.9380,-0.6250,20.0530,0.0000,0.9980,1,1,63.9380,-0.4386,0,0,0,1,-4.8300
21.8270,-0.1630,77.0000,pid,0,0,60.6560,0.6770,19.3910,0.9950,-0.2830,1.0000,57.9800,1,0,-1,59.1360,-0.6770,19.1410,-0.2500,0.9970,1,0,58.9490,-0.4378,0,0,0,0,1,1,19,61.4380,-0.7810,19.9020,-2.0150,0.9970,1,1,61.4380,-0.4378,0,0,0,1,1,1,1,61.4380,-0.7810,19.7710,-0.0810,0.9970,1,1,61.4380,-0.4378,0,0,0,1,-4.7802
21.8050,-0.2710,77.0000,pid,0,0,58.5310,0.5820,18.7190,0.9960,-0.2820,1.0000,59.1360,1,0,-1,57.0110,-0.5820,18.2960,-0.2620,0.9970,1,0,56.8550,-0.4157,0,0,0,0,1,1,19,60.3750,-0.8280,20.4960,-1.8150,0.9970,1,1,60.3750,-0.4157,0,0,0,1,1,1,1,60.3750,-0.8280,20.3620,0.0240,0.9970,1,1,60.3750,-0.4157,0,0,0,1,-4.7321
21.8000,-0.2360,77.0000,pid,0,0,59.4690,0.6340,19.1090,0.9960,-0.2800,1.0000,57.0110,1,0,-1,57.9490,-0.6340,18.6080,-0.2080,0.9970,1,0,57.7920,-0.4116,0,0,0,0,1,1,19,60.3750,-0.8280,20.6390,-1.5860,0.9970,1,1,60.3750,-0.4116,0,0,0,1,1,1,1,60.3750,-0.8280,20.5040,0.1490,0.9970,1,1,60.3750,-0.4116,0,0,0,1,-4.6996
21.7740,-0.3550,77.0000,pid,0,0,61.1880,0.7250,19.8910,0.9940,-0.2820,1.0000,57.0110,1,0,-1,59.6670,-0.7250,19.3630,-0.1610,0.9960,1,0,59.5420,-0.3855,0,0,0,0,1,1,19,60.3750,-0.8280,20.6130,-1.3830,0.9960,1,1,60.3750,-0.3855,0,0,0,1,1,1,1,60.3750,-0.8280,20.4780,0.2410,0.9960,1,1,60.3750,-0.3855,0,0,0,1,-4.6530
21.7510,-0.3360,77.0000,pid,0,0,57.0000,0.5810,18.4840,0.9960,-0.2800,1.0000,59.6670,1,0,-1,55.4800,-0.5810,18.1780,-0.2330,0.9960,1,0,55.3240,-0.3625,0,0,0,0,1,1,19,60.9380,-0.8590,20.4850,-1.2350,0.9960,1,1,60.9380,-0.3625,0,0,0,1,1,1,1,60.9380,-0.8590,20.3500,0.2770,0.9960,1,1,60.9380,-0.3625,0,0,0,1,-4.5831
21.7390,-0.3550,77.0000,pid,0,0,56.6880,0.6720,18.5470,0.9970,-0.2780,1.0000,55.4800,1,0,-1,55.1670,-0.6720,18.1910,-0.2480,0.9970,1,0,55.0420,-0.3500,0,0,0,0,1,1,19,60.9380,-0.8590,20.4720,-1.1000,0.9970,1,1,60.9380,-0.3500,0,0,0,1,1,1,1,60.9380,-0.8590,20.3380,0.2980,0.9970,1,1,60.9380,-0.3500,0,0,0,1,-4.5501
21.7350,-0.2540,77.0000,pid,0,0,57.2500,0.6620,18.9530,0.9960,-0.2850,1.0000,55.4800,1,0,-1,55.7300,-0.6620,18.4800,-0.1780,0.9970,1,0,55.6050,-0.3461,0,0,0,0,1,1,19,61.3120,-0.8750,20.3430,-1.0110,0.9970,1,1,61.3120,-0.3461,0,0,0,1,1,1,1,61.3120,-0.8750,20.2100,0.2750,0.9970,1,1,61.3120,-0.3461,0,0,0,1,-4.5040
21.7100,-0.3270,77.0000,pid,0,0,56.4380,0.6420,17.9840,0.9960,-0.2870,1.0000,55.7300,1,0,-1,54.9170,-0.6420,17.5430,-0.2750,0.9960,1,0,54.7610,-0.3213,0,0,0,0,1,1,19,61.5000,-0.8590,20.1710,-0.9740,0.9960,1,1,61.5000,-0.3213,0,0,0,1,1,1,1,61.5000,-0.8590,20.0390,0.2030,0.9960,1,1,61.5000,-0.3213,0,0,0,1,-4.4320
21.6940,-0.3830,77.0000,pid,0,0,56.8120,0.7280,18.3120,0.9960,-0.2930,1.0000,54.9170,1,0,-1,55.2920,-0.7280,17.9490,-0.3120,0.9960,1,0,55.1360,-0.3048,0,0,0,0,1,1,19,61.7500,-0.8440,20.0440,-0.9650,0.9960,1,1,61.7500,-0.3048,0,0,0,1,1,1,1,61.7500,-0.8440,19.9120,0.1060,0.9960,1,1,61.7500,-0.3048,0,0,0,1,-4.4008
21.6680,-0.4510,77.0000,pid,0,0,56.1560,0.7400,18.8910,0.9960,-0.3050,1.0000,54.9170,1,0,-1,54.6360,-0.7400,18.3690,-0.2480,0.9960,1,0,54.4800,-0.2787,0,0,0,0,1,1,19,61.7500,-0.8440,20.0180,-0.9520,0.9960,1,1,61.7500,-0.2787,0,0,0,1,1,1,1,61.7500,-0.8440,19.8860,0.0170,0.9960,1,1,61.7500,-0.2787,0,0,0,1,-4.3548
21.6360,-0.4130,77.0000,pid,0,0,57.3440,0.8100,18.9840,0.9940,-0.3140,1.0000,54.6360,1,0,-1,55.8240,-0.8100,18.5630,-0.1880,0.9960,1,0,55.6670,-0.2476,0,0,0,0,1,1,19,63.2500,-0.8590,19.6170,-1.0420,0.9960,1,1,63.2500,-0.2476,0,0,0,1,1,1,1,63.2500,-0.8590,19.4890,-0.1690,0.9960,1,1,63.2500,-0.2476,0,0,0,1,-4.2784
21.6290,-0.3300,77.0000,pid,0,0,56.7810,0.7550,18.0620,0.9920,-0.3190,1.0000,55.8240,1,0,-1,55.2610,-0.7550,17.6910,-0.2810,0.9950,1,0,55.0110,-0.2404,0,0,0,0,1,1,19,63.2500,-0.8590,19.6100,-1.1030,0.9950,1,1,63.2500,-0.2404,0,0,0,1,1,1,1,63.2500,-0.8590,19.4810,-0.3200,0.9950,1,1,63.2500,-0.2404,0,0,0,1,-4.2306
21.6240,-0.2450,77.0000,pid,0,0,57.9060,0.7830,19.2810,0.9950,-0.3260,1.0000,55.2610,1,0,-1,56.3860,-0.7830,18.9790,-0.1710,0.9950,1,0,56.1990,-0.2349,0,0,0,0,1,1,19,61.5620,-0.8590,19.5790,-1.1450,0.9950,1,1,61.5620,-0.2349,0,0,0,1,1,1,1,61.5620,-0.8590,19.4510,-0.4480,0.9950,1,1,61.5620,-0.2349,0,0,0,1,-4.1814
21.6180,-0.2100,77.0000,pid,0,0,58.1560,0.7660,19.8910,0.9940,-0.3350,1.0000,56.3860,1,0,-1,56.6360,-0.7660,19.6020,-0.1430,0.9950,1,0,56.4490,-0.2295,0,0,0,0,1,1,19,61.8750,-0.8590,19.2910,-1.2460,0.9950,1,1,61.8750,-0.2295,0,0,0,1,1,1,1,61.8750,-0.8590,19.1640,-0.6270,0.9950,1,1,61.8750,-0.2295,0,0,0,1,-4.1333
21.5870,-0.4190,77.0000,pid,0,0,58.2190,0.7710,20.5940,0.9960,-0.3340,1.0000,56.6360,1,0,-1,56.6990,-0.7710,20.3120,-0.1370,0.9960,1,0,56.5110,-0.1984,0,0,0,0,1,1,19,61.8750,-0.8590,19.2900,-1.3110,0.9960,1,1,61.8750,-0.1984,0,0,0,1,1,1,1,61.8750,-0.8590,19.1640,-0.7650,0.9960,1,1,61.8750,-0.1984,0,0,0,1,-4.1006
21.5860,-0.2670,77.0000,pid,0,0,57.5940,0.7120,19.3750,0.9950,-0.3250,1.0000,56.6360,1,0,-1,56.0740,-0.7120,19.1480,-0.1590,0.9960,1,0,55.8550,-0.1971,0,0,0,0,1,1,19,61.8750,-0.8590,19.2890,-1.3450,0.9960,1,1,61.8750,-0.1971,0,0,0,1,1,1,1,61.8750,-0.8590,19.1620,-0.8660,0.9960,1,1,61.8750,-0.1971,0,0,0,1,-4.0549
21.5770,-0.2080,77.0000,pid,0,0,56.7810,0.5920,19.0780,0.9960,-0.3270,1.0000,56.0740,1,0,-1,55.2610,-0.5920,18.9740,-0.1690,0.9960,1,0,55.0420,-0.1884,0,0,0,0,1,1,19,59.2500,-0.8120,19.2130,-1.3750,0.9960,1,1,59.2500,-0.1884,0,0,0,1,1,1,1,59.2500,-0.8120,19.0870,-0.9580,0.9960,1,1,59.2500,-0.1884,0,0,0,1,-3.9993
21.5770,-0.1440,77.0000,pid,0,0,54.5940,0.5160,19.1880,0.9970,-0.3300,1.0000,56.0740,1,0,-1,53.0740,-0.5160,19.1020,-0.1930,0.9970,1,0,52.8860,-0.1878,0,0,0,0,1,1,19,59.9380,-0.8280,19.2520,-1.3690,0.9970,1,1,59.9380,-0.1878,0,0,0,1,1,1,1,59.9380,-0.8280,19.1250,-1.0090,0.9970,1,1,59.9380,-0.1878,0,0,0,1,-3.9536
21.5490,-0.2950,77.0000,pid,0,0,57.5000,0.7510,20.3910,0.9970,-0.3320,1.0000,53.0740,1,0,-1,55.9800,-0.7510,20.2390,-0.1170,0.9970,1,0,55.8240,-0.1598,0,0,0,0,1,1,19,59.9380,-0.8280,19.2240,-1.3530,0.9970,1,1,59.9380,-0.1598,0,0,0,1,1,1,1,59.9380,-0.8280,19.0970,-1.0430,0.9970,1,1,59.9380,-0.1598,0,0,0,1,-3.8802
21.5430,-0.2370,77.0000,pid,0,0,55.8750,0.6510,19.1880,0.9980,-0.3320,1.0000,55.9800,1,0,-1,54.3550,-0.6510,19.0680,-0.1990,0.9980,1,0,54.2300,-0.1541,0,0,0,0,1,1,19,58.5620,-1.0780,19.1260,-1.3480,0.9980,1,1,58.5620,-0.1541,0,0,0,1,1,1,1,58.5620,-1.0780,19.0010,-1.0840,0.9980,1,1,58.5620,-0.1541,0,0,0,1,-3.8306
21.5330,-0.2190,77.0000,pid,0,0,55.4690,0.6690,18.9060,0.9970,-0.3290,1.0000,54.3550,1,0,-1,53.9490,-0.6690,19.0210,-0.1880,0.9970,1,0,53.7610,-0.1441,0,0,0,0,1,1,19,54.6250,-1.0940,18.8440,-1.4050,0.9970,1,1,54.6250,-0.1450,1,0,0,1,1,1,1,54.6250,-1.0940,18.7210,-1.1820,0.9970,1,1,54.6250,-0.1441,0,0,0,1,-3.7826
21.5170,-0.2890,77.0000,pid,0,0,59.3750,0.9200,20.4060,0.9960,-0.3310,1.0000,53.9490,1,0,-1,57.8550,-0.9200,20.2980,-0.1270,0.9970,1,0,57.7300,-0.1276,0,0,0,0,1,1,19,54.6250,-1.0940,18.8280,-1.4370,0.9970,1,1,54.6250,-0.1786,1,0,0,1,1,1,1,54.6250,-1.0940,18.7040,-1.2500,0.9970,1,1,54.6250,-0.1276,0,0,0,1,-3.7493
21.4970,-0.3480,77.0000,pid,0,0,57.8750,0.9330,17.7810,0.9930,-0.3280,1.0000,53.9490,1,0,-1,56.3550,-0.9330,17.6160,-0.1660,0.9960,1,0,56.1050,-0.1259,2,0,0,0,1,1,19,54.6250,-1.0940,18.5280,-1.5270,0.9960,1,1,54.6250,-0.2075,1,0,0,1,1,1,1,54.6250,-1.0940,18.4060,-1.3720,0.9960,1,1,54.6250,-0.1082,0,0,0,1,-3.7026
21.4690,-0.4360,77.0000,pid,0,0,55.8440,0.7850,16.5000,0.9950,-0.3220,1.0000,57.8550,1,0,-1,54.3240,-0.7850,16.6080,-0.2680,0.9960,1,0,54.1360,-0.1529,0,0,0,0,1,1,19,57.3750,-1.1090,17.9130,-1.7550,0.9960,1,1,57.3750,-0.2523,1,0,0,1,1,1,1,57.3750,-1.1090,17.7960,-1.6270,0.9960,1,1,57.3750,-0.1529,0,0,0,1,-3.6546
21.4360,-0.5220,77.0000,pid,0,0,55.5940,0.7880,19.1560,0.9970,-0.3200,1.0000,54.3240,1,0,-1,54.0740,-0.7880,19.1180,-0.0850,0.9970,1,0,53.9800,-0.1297,1,0,0,0,1,1,19,52.2500,-1.0620,17.6410,-1.9930,0.9970,1,1,52.2500,-0.3278,1,0,0,1,1,1,1,52.2500,-1.0620,17.5260,-1.8880,0.9970,1,1,52.2500,-0.1082,0,0,0,1,-3.6007
21.4100,-0.5210,77.0000,pid,0,0,55.9060,0.8950,17.0940,0.9920,-0.3300,1.0000,54.0740,1,0,-1,54.3860,-0.8950,16.8410,-0.1430,0.9960,1,0,54.1670,-0.1608,2,0,0,0,1,1,19,51.6250,-1.0470,17.4820,-2.2050,0.9960,1,1,51.6250,-0.4208,1,0,0,1,1,1,1,51.6250,-1.0470,17.3670,-2.1190,0.9960,1,1,51.6250,-0.1952,1,0,0,1,-3.5504
21.3780,-0.5210,77.0000,pid,0,0,58.0310,1.0310,16.0160,0.9880,-0.3260,1.0000,54.3860,1,0,-1,56.5110,-1.0310,15.7870,-0.3030,0.9950,1,0,56.2920,-0.1817,2,0,0,0,1,1,19,51.6250,-1.0470,17.4500,-2.3550,0.9950,1,1,51.6250,-0.5097,1,0,0,1,1,1,1,51.6250,-1.0470,17.3360,-2.2870,0.9950,1,1,51.6250,-0.2569,1,0,0,1,-3.4998
21.3590,-0.5130,77.0000,pid,0,0,60.5000,1.1350,14.8440,0.9770,-0.3370,1.0000,54.3860,1,0,-1,58.9800,-1.1350,14.9160,-0.0390,0.9910,1,0,58.7920,-0.2114,2,0,0,0,1,1,19,51.6250,-1.0470,17.1750,-2.5220,0.9910,1,1,51.6250,-0.6286,1,0,0,1,1,1,1,51.6250,-1.0470,17.0630,-2.4690,0.9910,1,1,51.6250,-0.3697,1,0,0,1,-3.4551
21.3230,-0.4970,77.0000,pid,0,0,56.2500,0.9040,16.5160,0.9910,-0.3420,1.0000,58.9800,1,0,-1,54.7300,-0.9040,16.4590,-0.1990,0.9910,1,0,54.4800,-0.2300,2,0,0,0,1,1,19,54.8750,-1.0780,17.3290,-2.5780,0.9910,1,1,54.8750,-0.6830,1,0,0,1,1,1,1,54.8750,-1.0780,17.2150,-2.5380,0.9910,1,1,54.8750,-0.4081,1,0,0,1,-3.3815
21.3150,-0.3570,77.0000,pid,0,0,57.3750,0.8440,17.1880,0.9930,-0.3570,1.0000,54.7300,1,0,-1,55.8550,-0.8440,16.9340,-0.2500,0.9930,1,0,55.6050,-0.2494,2,0,0,0,1,1,19,54.8750,-1.0780,17.3210,-2.5890,0.9930,1,1,54.8750,-0.7676,1,0,0,1,1,1,1,54.8750,-1.0780,17.2070,-2.5610,0.9930,1,1,54.8750,-0.4801,1,0,0,1,-3.3318
21.3000,-0.4000,77.0000,pid,0,0,55.1560,0.8260,17.3280,0.9960,-0.3670,1.0000,55.8550,1,0,-1,53.6360,-0.8260,17.1350,-0.3780,0.9960,1,0,53.4170,-0.2729,2,0,0,0,1,1,19,57.5620,-1.0940,17.0190,-2.6480,0.9960,1,1,57.5620,-0.8417,1,0,0,1,1,1,1,57.5620,-1.0940,16.9080,-2.6280,0.9960,1,1,57.5620,-0.5400,1,0,0,1,-3.3000
21.2870,-0.3540,77.0000,pid,0,0,55.0940,0.9890,19.3590,0.9970,-0.3740,1.0000,55.8550,1,0,-1,53.5740,-0.9890,19.3790,-0.0780,0.9970,1,0,53.4170,-0.2628,1,0,0,0,1,1,19,57.5620,-1.0940,17.0060,-2.6620,0.9970,1,1,57.5620,-0.9227,1,0,0,1,1,1,1,57.5620,-1.0940,16.8950,-2.6500,0.9970,1,1,57.5620,-0.6077,1,0,0,1,-3.2539
21.2560,-0.3910,77.0000,pid,0,0,54.5310,0.8890,19.7660,0.9960,-0.3780,1.0000,53.5740,1,0,-1,53.0110,-0.8890,19.6790,-0.0660,0.9970,1,0,52.9490,-0.2649,1,0,0,0,1,1,19,53.8750,-1.2810,17.1620,-2.5900,0.9970,1,1,53.8750,-1.0035,1,0,0,1,1,1,1,53.8750,-1.2810,17.0490,-2.5850,0.9970,1,1,53.8750,-0.6832,1,0,0,1,-3.1811
21.2340,-0.4250,77.0000,pid,0,0,54.3750,0.9430,17.2660,0.9920,-0.3660,1.0000,53.0110,1,0,-1,52.8550,-0.9430,17.2130,-0.2730,0.9960,1,0,52.6670,-0.2974,2,0,0,0,1,1,19,53.8750,-1.2810,16.7090,-2.6250,0.9960,1,1,53.8750,-1.0893,1,0,0,1,1,1,1,53.8750,-1.2810,16.5990,-2.6240,0.9960,1,1,53.8750,-0.7879,1,0,0,1,-3.1316
21.2020,-0.5100,77.0000,pid,0,0,54.5620,0.8910,17.8280,0.9950,-0.3660,1.0000,52.8550,1,0,-1,53.0420,-0.8910,17.8000,-0.2770,0.9960,1,0,52.8860,-0.3093,2,0,0,0,1,1,19,53.8750,-1.2810,16.6770,-2.6240,0.9960,1,1,53.8750,-1.1719,1,0,0,1,1,1,1,53.8750,-1.2810,16.5670,-2.6270,0.9960,1,1,53.8750,-0.8682,1,0,0,1,-3.0828
21.1840,-0.5290,77.0000,pid,0,0,53.8440,0.8510,17.3280,0.9950,-0.3780,1.0000,52.8550,1,0,-1,52.3240,-0.8510,17.5270,-0.4100,0.9950,1,0,52.1360,-0.3352,2,0,0,0,1,1,19,57.5620,-1.4060,16.8810,-2.5280,0.9950,1,1,57.5620,-1.2430,1,0,0,1,1,1,1,57.5620,-1.4060,16.7710,-2.5340,0.9950,1,1,57.5620,-0.9318,1,0,0,1,-3.0509
21.1590,-0.5200,77.0000,pid,0,0,55.1880,0.9390,19.0160,0.9950,-0.3860,1.0000,53.0420,1,0,-1,53.6670,-0.9390,18.8320,-0.2160,0.9950,1,0,53.5110,-0.3317,2,0,0,0,1,1,19,54.7500,-1.3910,16.4400,-2.5390,0.9950,1,1,54.7500,-1.3248,1,0,0,1,1,1,1,54.7500,-1.3910,16.3330,-2.5480,0.9950,1,1,54.7500,-1.0112,1,0,0,1,-3.0021
21.1210,-0.5310,77.0000,pid,0,0,54.2810,0.9230,18.4530,0.9950,-0.3920,1.0000,53.6670,1,0,-1,52.7610,-0.9230,18.3440,-0.1480,0.9950,1,0,52.6360,-0.3457,1,0,0,0,1,1,19,53.0000,-1.3590,16.4460,-2.5110,0.9950,1,1,53.0000,-1.4004,1,0,0,1,1,1,1,53.0000,-1.3590,16.3390,-2.5200,0.9950,1,1,53.0000,-1.0864,1,0,0,1,-2.9304
21.0920,-0.5520,77.0000,pid,0,0,55.2810,1.0030,18.7030,0.9940,-0.3890,1.0000,52.7610,1,0,-1,53.7610,-1.0030,18.5280,-0.2380,0.9950,1,0,53.5740,-0.3485,1,0,0,0,1,1,19,53.0000,-1.3590,16.2790,-2.4990,0.9950,1,1,53.0000,-1.4758,1,0,0,1,1,1,1,53.0000,-1.3590,16.1720,-2.5100,0.9950,1,1,53.0000,-1.1622,1,0,0,1,-2.8817
21.0700,-0.5120,77.0000,pid,0,0,54.9380,1.0160,19.3750,0.9940,-0.3920,1.0000,53.7610,1,0,-1,53.4170,-1.0160,19.2720,-0.1380,0.9950,1,0,53.1990,-0.3433,1,0,0,0,1,1,19,55.5000,-1.1410,16.2780,-2.4540,0.9950,1,1,55.5000,-1.5415,1,0,0,1,1,1,1,55.5000,-1.1410,16.1720,-2.4650,0.9950,1,1,55.5000,-1.2284,1,0,0,1,-2.8316
21.0430,-0.5280,77.0000,pid,0,0,57.0310,1.0010,19.1410,0.9950,-0.3900,1.0000,53.4170,1,0,-1,55.5110,-1.0010,18.8410,-0.1410,0.9950,1,0,55.2920,-0.3428,1,0,0,0,1,1,19,55.5000,-1.1410,16.2510,-2.3910,0.9950,1,1,55.5000,-1.6049,1,0,0,1,1,1,1,55.5000,-1.1410,16.1450,-2.4010,0.9950,1,1,55.5000,-1.2948,1,0,0,1,-2.7825
21.0230,-0.5040,77.0000,pid,0,0,57.4690,0.9390,18.9380,0.9940,-0.3850,1.0000,55.5110,1,0,-1,55.9490,-0.9390,18.6180,-0.2380,0.9950,1,0,55.6670,-0.3426,2,0,0,0,1,1,19,53.2500,-1.0780,15.9650,-2.3860,0.9950,1,1,53.2500,-1.6705,1,0,0,1,1,1,1,53.2500,-1.0780,15.8610,-2.3960,0.9950,1,1,53.2500,-1.3639,1,0,0,1,-2.7492
21.0150,-0.4110,77.0000,pid,0,0,56.1560,0.9410,19.1410,0.9960,-0.3820,1.0000,55.9490,1,0,-1,54.6360,-0.9410,18.9070,-0.1690,0.9960,1,0,54.4170,-0.3370,1,0,0,0,1,1,19,52.6880,-1.0620,15.6540,-2.4370,0.9960,1,1,52.6880,-1.7353,1,0,0,1,1,1,1,52.6880,-1.0620,15.5510,-2.4460,0.9960,1,1,52.6880,-1.4334,1,0,0,1,-2.7012
20.9940,-0.4160,77.0000,pid,0,0,52.6880,0.8210,19.2340,0.9950,-0.3790,1.0000,55.9490,1,0,-1,51.1670,-0.8210,19.0360,-0.2270,0.9960,1,0,51.0110,-0.3358,1,0,0,0,1,1,19,52.6880,-1.0620,16.1050,-2.3150,0.9960,1,1,52.6880,-1.7871,1,0,0,1,1,1,1,52.6880,-1.0620,15.9990,-2.3240,0.9960,1,1,52.6880,-1.4919,1,0,0,1,-2.6514
20.9790,-0.3690,77.0000,pid,0,0,52.9690,0.8480,18.0310,0.9960,-0.3760,1.0000,54.6360,1,0,-1,51.4490,-0.8480,17.9880,-0.3470,0.9960,1,0,51.3240,-0.3459,2,0,0,0,1,1,19,52.6880,-1.0620,16.0900,-2.1870,0.9960,1,1,52.6880,-1.8358,1,0,0,1,1,1,1,52.6880,-1.0620,15.9850,-2.1950,0.9960,1,1,52.6880,-1.5486,1,0,0,1,-2.6032
20.9500,-0.3960,77.0000,pid,0,0,53.3440,0.8800,18.4060,0.9950,-0.3780,1.0000,51.4490,1,0,-1,51.8240,-0.8800,18.2010,-0.2470,0.9960,1,0,51.6670,-0.3447,2,0,0,0,1,1,19,50.5620,-1.0000,15.7800,-2.1400,0.9960,1,1,50.5620,-1.8860,1,0,0,1,1,1,1,50.5620,-1.0000,15.6770,-2.1470,0.9960,1,1,50.5620,-1.6075,1,0,0,1,-2.5307
20.9450,-0.3270,77.0000,pid,0,0,50.7500,0.7990,18.9690,0.9960,-0.3820,1.0000,51.8240,1,0,-1,49.2300,-0.7990,18.7780,-0.1800,0.9960,1,0,49.1050,-0.3420,1,0,0,0,1,1,19,50.5620,-1.0000,15.7760,-2.0720,0.9960,1,1,50.5620,-1.9284,1,0,0,1,1,1,1,50.5620,-1.0000,15.6720,-2.0780,0.9960,1,1,50.5620,-1.6599,1,0,0,1,-2.4994
20.9370,-0.2660,77.0000,pid,0,0,51.3750,0.8350,18.5470,0.9960,-0.3810,1.0000,51.8240,1,0,-1,49.8550,-0.8350,18.4420,-0.2440,0.9960,1,0,49.7300,-0.3438,2,0,0,0,1,1,19,50.5620,-1.0000,15.5170,-2.0610,0.9960,1,1,50.5620,-1.9711,1,0,0,1,1,1,1,50.5620,-1.0000,15.4160,-2.0660,0.9960,1,1,50.5620,-1.7130,1,0,0,1,-2.4517
20.9270,-0.2410,77.0000,pid,0,0,51.2500,0.7720,18.9380,0.9960,-0.3810,1.0000,49.2300,1,0,-1,49.7300,-0.7720,18.8040,-0.1520,0.9960,1,0,49.6360,-0.3370,1,0,0,0,1,1,19,50.3120,-1.0000,15.0600,-2.1530,0.9960,1,1,50.3120,-2.0158,1,0,0,1,1,1,1,50.3120,-1.0000,14.9610,-2.1560,0.9960,1,1,50.3120,-1.7680,1,0,0,1,-2.4013
20.9050,-0.3260,77.0000,pid,0,0,52.9690,0.8270,20.3120,0.9970,-0.3800,1.0000,49.8550,1,0,-1,51.4490,-0.8270,20.0810,-0.0010,0.9970,1,0,51.4170,-0.3107,1,0,0,0,1,1,19,50.3120,-1.0000,15.0380,-2.2030,0.9970,1,1,50.3120,-2.0558,1,0,0,1,1,1,1,50.3120,-1.0000,14.9390,-2.2050,0.9970,1,1,50.3120,-1.8191,1,0,0,1,-2.3529
20.8860,-0.3440,77.0000,pid,0,0,52.7190,0.7790,20.0160,0.9970,-0.3720,1.0000,49.7300,1,0,-1,51.1990,-0.7790,19.8970,-0.0120,0.9970,1,0,51.1670,-0.2959,1,0,0,0,1,1,19,51.1250,-1.0160,14.7440,-2.2970,0.9970,1,1,51.1250,-2.0965,1,0,0,1,1,1,1,51.1250,-1.0160,14.6480,-2.2970,0.9970,1,1,51.1250,-1.8705,1,0,0,1,-2.3037
20.8590,-0.3640,77.0000,pid,0,0,53.5310,0.7920,20.1560,0.9970,-0.3590,1.0000,51.1990,1,0,-1,52.0110,-0.7920,20.1060,0.0010,0.9970,1,0,52.0110,-0.2715,1,0,0,0,1,1,19,51.1880,-1.0160,14.7260,-2.3460,0.9970,1,1,51.1880,-2.1333,1,0,0,1,1,1,1,51.1880,-1.0160,14.6290,-2.3440,0.9970,1,1,51.1880,-1.9189,1,0,0,1,-2.2318
20.8300,-0.4490,77.0000,pid,0,0,48.9380,0.6790,20.2810,0.9980,-0.3470,1.0000,52.0110,1,0,-1,47.4170,-0.6790,20.1080,-0.0000,0.9980,1,0,47.3860,-0.2570,1,0,0,0,1,1,19,49.8120,-1.0000,14.6080,-2.3860,0.9980,1,1,49.8120,-2.1718,1,0,0,1,1,1,1,49.8120,-1.0000,14.5130,-2.3820,0.9980,1,1,49.8120,-1.9690,1,0,0,1,-2.1832
20.8100,-0.5020,77.0000,pid,0,0,49.3750,0.6610,20.0620,0.9980,-0.3370,1.0000,47.4170,1,0,-1,47.8550,-0.6610,19.8690,-0.0120,0.9980,1,0,47.7920,-0.2402,1,0,0,0,1,1,19,50.0620,-1.0000,14.6080,-2.3850,0.9980,1,1,50.0620,-2.2052,1,0,0,1,1,1,1,50.0620,-1.0000,14.5120,-2.3800,0.9980,1,1,50.0620,-2.0147,1,0,0,1,-2.1509
20.7870,-0.4910,77.0000,pid,0,0,48.2190,0.6380,19.6560,0.9980,-0.3260,1.0000,47.8550,1,0,-1,46.6990,-0.6380,19.5520,-0.0050,0.9980,1,0,46.6670,-0.2290,1,0,0,0,1,1,19,50.0620,-1.0000,14.7700,-2.3030,0.9980,1,1,50.0620,-2.2334,1,0,0,1,1,1,1,50.0620,-1.0000,14.6740,-2.2970,0.9980,1,1,50.0620,-2.0554,1,0,0,1,-2.1017
20.7670,-0.4600,77.0000,pid,0,0,48.0620,0.5910,20.2190,0.9980,-0.3160,1.0000,47.8550,1,0,-1,46.5420,-0.5910,20.1700,0.0250,0.9980,1,0,46.5420,-0.2053,1,0,0,0,1,1,19,50.0620,-1.0000,14.7500,-2.2090,0.9980,1,1,50.0620,-2.2583,1,0,0,1,1,1,1,50.0620,-1.0000,14.6540,-2.2030,0.9980,1,1,50.0620,-2.0931,1,0,0,1,-2.0522
20.7390,-0.4940,77.0000,pid,0,0,49.0940,0.6070,19.5470,0.9970,-0.3050,1.0000,46.6990,1,0,-1,47.5740,-0.6070,19.3190,0.0080,0.9980,1,0,47.5420,-0.1968,1,0,0,0,1,1,19,51.7500,-1.0310,14.6080,-2.1420,0.9980,1,1,51.7500,-2.2782,1,0,0,1,1,1,1,51.7500,-1.0310,14.5130,-2.1350,0.9980,1,1,51.7500,-2.1260,1,0,0,1,-2.0020
20.7260,-0.3990,77.0000,pid,0,0,48.2810,0.5900,19.3280,0.9970,-0.2930,1.0000,46.5420,1,0,-1,46.7610,-0.5900,19.1820,-0.0090,0.9980,1,0,46.6990,-0.1844,1,0,0,0,1,1,19,51.7500,-1.0310,14.7760,-2.0090,0.9980,1,1,51.7500,-2.2917,1,0,0,1,1,1,1,51.7500,-1.0310,14.6800,-2.0020,0.9980,1,1,51.7500,-2.1527,1,0,0,1,-1.9516
20.7050,-0.4060,77.0000,pid,0,0,48.6560,0.5710,19.0780,0.9980,-0.2830,1.0000,46.7610,1,0,-1,47.1360,-0.5710,18.9300,-0.0310,0.9980,1,0,47.0740,-0.1767,1,0,0,0,1,1,19,52.1250,-1.0470,14.7610,-1.8750,0.9980,1,1,52.1250,-2.3007,1,0,0,1,1,1,1,52.1250,-1.0470,14.6640,-1.8690,0.9980,1,1,52.1250,-2.1750,1,0,0,1,-1.9005
20.6940,-0.3380,77.0000,pid,0,0,48.9380,0.5880,19.7340,0.9980,-0.2750,1.0000,46.7610,1,0,-1,47.4170,-0.5880,19.5190,-0.0030,0.9980,1,0,47.3550,-0.1584,1,0,0,0,1,1,19,51.6250,-1.0470,15.0360,-1.6620,0.9980,1,1,51.6250,-2.3000,1,0,0,1,1,1,1,51.6250,-1.0470,14.9380,-1.6560,0.9980,1,1,51.6250,-2.1882,1,0,0,1,-1.8512
20.6730,-0.3640,77.0000,pid,0,0,48.4380,0.5990,19.9220,0.9970,-0.2650,1.0000,47.1360,1,0,-1,46.9170,-0.5990,19.6280,0.0070,0.9980,1,0,46.8860,-0.1443,1,0,0,0,1,1,19,53.3750,-1.0620,15.0840,-1.4500,0.9980,1,1,53.3750,-2.2906,1,0,0,1,1,1,1,53.3750,-1.0620,14.9850,-1.4440,0.9980,1,1,53.3750,-2.1925,1,0,0,1,-1.8012
20.6480,-0.4250,77.0000,pid,0,0,48.1880,0.5380,20.4690,0.9980,-0.2510,1.0000,47.4170,1,0,-1,46.6670,-0.5380,20.1690,0.0070,0.9980,1,0,46.6360,-0.1220,1,0,0,0,1,1,19,53.3750,-1.0620,15.0590,-1.2640,0.9980,1,1,53.3750,-2.2765,1,0,0,1,1,1,1,53.3750,-1.0620,14.9600,-1.2590,0.9980,1,1,53.3750,-2.1919,1,0,0,1,-1.7509
20.6450,-0.2810,77.0000,pid,0,0,47.7810,0.4980,20.6410,0.9980,-0.2370,1.0000,46.6670,1,0,-1,46.2610,-0.4980,20.3950,0.0270,0.9980,1,0,46.2610,-0.1011,1,0,0,0,1,1,19,53.2500,-1.0620,15.2200,-1.0470,0.9980,1,1,53.2500,-2.2525,1,0,0,1,1,1,1,53.2500,-1.0620,15.1210,-1.0440,0.9980,1,1,53.2500,-2.1811,1,0,0,1,-1.7014
20.6240,-0.3450,77.0000,pid,0,0,45.8440,0.4860,20.6250,0.9980,-0.2210,1.0000,46.6670,1,0,-1,44.3240,-0.4860,20.4710,0.0580,0.9980,1,0,44.3860,-0.0815,1,0,0,0,1,1,19,51.7500,-1.0000,15.0460,-0.9060,0.9980,1,1,51.7500,-2.2293,1,0,0,1,1,1,1,51.7500,-1.0000,14.9480,-0.9030,0.9980,1,1,51.7500,-2.1706,1,0,0,1,-1.6513
20.6120,-0.3110,77.0000,pid,0,0,44.2500,0.4220,20.5940,0.9980,-0.2070,1.0000,46.2610,1,0,-1,42.7300,-0.4220,20.2960,0.0660,0.9980,1,0,42.7920,-0.0666,1,0,0,0,1,1,19,51.6880,-1.0160,15.5200,-0.6420,0.9980,1,1,51.6880,-2.1869,1,0,0,1,1,1,1,51.6880,-1.0160,15.4190,-0.6400,0.9980,1,1,51.6880,-2.1410,1,0,0,1,-1.6025
20.5960,-0.3100,77.0000,pid,0,0,45.7500,0.4990,20.3280,0.9990,-0.1920,1.0000,44.3240,1,0,-1,44.2300,-0.4990,20.1460,0.0720,0.9990,1,0,44.3240,-0.0500,1,0,0,0,1,1,19,51.6880,-1.0160,15.6710,-0.3750,0.9990,1,1,51.6880,-2.1305,1,0,0,1,1,1,1,51.6880,-1.0160,15.5680,-0.3750,0.9990,1,1,51.6880,-2.0971,1,0,0,1,-1.5521
20.5810,-0.3090,77.0000,pid,0,0,46.6250,0.4300,20.5310,0.9980,-0.1770,1.0000,42.7300,1,0,-1,45.1050,-0.4300,20.2590,0.0850,0.9990,1,0,45.1670,-0.0315,1,0,0,0,1,1,19,50.7500,-0.8910,15.3730,-0.2370,0.9990,1,1,50.7500,-2.0807,1,0,0,1,1,1,1,50.7500,-0.8910,15.2720,-0.2370,0.9990,1,1,50.7500,-2.0589,1,0,0,1,-1.5027
20.5660,-0.3020,77.0000,pid,0,0,47.0000,0.4630,20.6410,0.9990,-0.1620,1.0000,44.2300,1,0,-1,45.4800,-0.4630,20.3530,0.0920,0.9990,1,0,45.5420,-0.0123,1,0,0,0,1,1,19,50.7500,-0.8910,15.3570,-0.1260,0.9990,1,1,50.7500,-2.0218,1,0,0,1,1,1,1,50.7500,-0.8910,15.2570,-0.1260,0.9990,1,1,50.7500,-2.0112,1,0,0,1,-1.4545
20.5260,-0.4430,77.0000,pid,0,0,46.2500,0.4210,19.9380,0.9990,-0.1470,1.0000,45.4800,1,0,-1,44.7300,-0.4210,19.7230,0.0790,0.9990,1,0,44.7610,-0.0037,1,0,0,0,1,1,19,48.3750,-0.8910,15.0700,-0.1150,0.9990,1,1,48.3750,-1.9691,1,0,0,1,1,1,1,48.3750,-0.8910,14.9720,-0.1150,0.9990,1,1,48.3750,-1.9689,1,0,0,1,-1.3803
20.5110,-0.3940,77.0000,pid,0,0,47.2190,0.4310,20.1560,0.9990,-0.1320,1.0000,44.7300,1,0,-1,45.6990,-0.4310,19.8700,0.1030,0.9990,1,0,45.7610,0.0127,1,0,0,0,1,1,19,48.3750,-0.8910,15.0550,-0.1090,0.9990,1,1,48.3750,-1.9083,1,0,0,1,1,1,1,48.3750,-0.8910,14.9570,-0.1090,0.9990,1,1,48.3750,-1.9182,1,0,0,1,-1.3307
20.4940,-0.4340,77.0000,pid,0,0,46.5940,0.3740,20.5620,0.9990,-0.1180,1.0000,45.6990,1,0,-1,45.0740,-0.3740,20.2030,0.0920,0.9990,1,0,45.1360,0.0287,1,0,0,0,1,1,19,45.6250,-0.8590,15.3750,-0.0110,0.9990,1,1,45.6250,-1.8454,1,0,0,1,1,1,1,45.6250,-0.8590,15.2740,-0.0110,0.9990,1,1,45.6250,-1.8647,1,0,0,1,-1.2995
20.4790,-0.3870,77.0000,pid,0,0,43.7810,0.3360,20.0160,0.9990,-0.1030,1.0000,45.6990,1,0,-1,42.2610,-0.3360,19.6780,0.0730,0.9990,1,0,42.3240,0.0330,1,0,0,0,1,1,19,45.6250,-0.8590,15.3590,0.0650,0.9990,1,1,45.6250,-1.7789,1,0,0,1,1,1,1,45.6250,-0.8590,15.2590,0.0640,0.9990,1,1,45.6250,-1.8071,1,0,0,1,-1.2524
20.4700,-0.2970,77.0000,pid,0,0,44.3750,0.3360,20.0000,0.9990,-0.0880,1.0000,45.0740,1,0,-1,42.8550,-0.3360,19.7860,0.0780,0.9990,1,0,42.9490,0.0438,1,0,0,0,1,1,19,45.1880,-0.8280,15.0390,0.0340,0.9990,1,1,45.1880,-1.7166,1,0,0,1,1,1,1,45.1880,-0.8280,14.9410,0.0330,0.9990,1,1,45.1880,-1.7529,1,0,0,1,-1.2031
20.4400,-0.3600,77.0000,pid,0,0,45.2500,0.3700,20.0780,0.9990,-0.0770,1.0000,42.8550,1,0,-1,43.7300,-0.3700,19.7400,0.1140,0.9990,1,0,43.7920,0.0521,1,0,0,0,1,1,19,42.1250,-0.7660,15.2130,0.0580,0.9990,1,1,42.1250,-1.6530,1,0,0,1,1,1,1,42.1250,-0.7660,15.1130,0.0570,0.9990,1,1,42.1250,-1.6970,1,0,0,1,-1.1312
20.4310,-0.3480,77.0000,pid,0,0,46.2500,0.3930,19.7500,0.9980,-0.0640,1.0000,43.7300,1,0,-1,44.7300,-0.3930,19.4970,0.0850,0.9990,1,0,44.7610,0.0579,1,0,0,0,1,1,19,42.1250,-0.7660,15.2030,0.0740,0.9990,1,1,42.1250,-1.5894,1,0,0,1,1,1,1,42.1250,-0.7660,15.1040,0.0730,0.9990,1,1,42.1250,-1.6404,1,0,0,1,-1.1002
20.4240,-0.2650,77.0000,pid,0,0,46.7190,0.3540,20.4380,0.9980,-0.0520,1.0000,43.7300,1,0,-1,45.1990,-0.3540,19.9890,0.1140,0.9990,1,0,45.2610,0.0716,1,0,0,0,1,1,19,40.8750,-0.7340,14.9070,0.0010,0.9990,1,1,40.8750,-1.5326,1,0,0,1,1,1,1,40.8750,-0.7340,14.8100,0.0010,0.9990,1,1,40.8750,-1.5900,1,0,0,1,-1.0520
20.4240,-0.1580,77.0000,pid,0,0,46.7810,0.3460,20.4530,0.9980,-0.0400,1.0000,44.7300,1,0,-1,45.2610,-0.3460,20.0990,0.1030,0.9990,1,0,45.2920,0.0822,1,0,0,0,1,1,19,40.4380,-0.7190,14.8940,-0.0620,0.9990,1,1,40.4380,-1.4755,1,0,0,1,1,1,1,40.4380,-0.7190,14.7960,-0.0610,0.9990,1,1,40.4380,-1.5387,1,0,0,1,-1.0019
20.4140,-0.1900,77.0000,pid,0,0,45.9690,0.3190,20.5940,0.9980,-0.0260,1.0000,45.1990,1,0,-1,44.4490,-0.3190,20.2860,0.1250,0.9980,1,0,44.5110,0.0949,1,0,0,0,1,1,19,40.4380,-0.7190,14.8830,-0.1150,0.9980,1,1,40.4380,-1.4212,1,0,0,1,1,1,1,40.4380,-0.7190,14.7860,-0.1140,0.9980,1,1,40.4380,-1.4896,1,0,0,1,-0.9524
20.4080,-0.1580,77.0000,pid,0,0,43.5310,0.2330,20.5470,0.9980,-0.0130,1.0000,44.4490,1,0,-1,42.0110,-0.2330,20.2700,0.1100,0.9980,1,0,42.1050,0.1019,1,0,0,0,1,1,19,39.2500,-0.6720,15.3440,-0.0260,0.9980,1,1,39.2500,-1.3635,1,0,0,1,1,1,1,39.2500,-0.6720,15.2430,-0.0250,0.9980,1,1,39.2500,-1.4367,1,0,0,1,-0.9011
20.4030,-0.1260,77.0000,pid,0,0,44.5310,0.3180,20.7660,0.9990,-0.0000,1.0000,44.4490,1,0,-1,43.0110,-0.3180,20.4280,0.1090,0.9990,1,0,43.1050,0.1142,1,0,0,0,1,1,19,39.2500,-0.6720,15.3390,0.0460,0.9990,1,1,39.2500,-1.3100,1,0,0,1,1,1,1,39.2500,-0.6720,15.2390,0.0460,0.9990,1,1,39.2500,-1.3874,1,0,0,1,-0.8570
20.3920,-0.1660,77.0000,pid,0,0,46.4690,0.2390,20.7660,0.9980,0.0120,1.0000,43.0110,1,0,-1,44.9490,-0.2390,20.4170,0.0990,0.9990,1,0,45.0420,0.1259,1,0,0,0,1,1,19,38.4380,-0.6720,15.1890,0.0620,0.9990,1,1,38.4380,-1.2613,1,0,0,1,1,1,1,38.4380,-0.6720,15.0900,0.0620,0.9990,1,1,38.4380,-1.3424,1,0,0,1,-0.7997
20.3920,-0.1050,77.0000,pid,0,0,44.7810,0.3000,20.3120,0.9980,0.0240,1.0000,43.0110,1,0,-1,43.2610,-0.3000,20.0580,0.0950,0.9990,1,0,43.3550,0.1300,1,0,0,0,1,1,19,38.8750,-0.5470,14.7440,-0.0540,0.9990,1,1,38.8750,-1.2203,1,0,0,1,1,1,1,38.8750,-0.5470,14.6480,-0.0530,0.9990,1,1,38.8750,-1.3045,1,0,0,1,-0.7570
20.3820,-0.1310,77.0000,pid,0,0,43.9380,0.2970,20.3120,0.9990,0.0350,1.0000,43.2610,1,0,-1,42.4170,-0.2970,20.0110,0.1000,0.9990,1,0,42.5110,0.1354,1,0,0,0,1,1,19,35.8120,-0.4530,15.0800,-0.0510,0.9990,1,1,35.8120,-1.1801,1,0,0,1,1,1,1,35.8120,-0.4530,14.9810,-0.0510,0.9990,1,1,35.8120,-1.2671,1,0,0,1,-0.7013
20.3810,-0.1120,77.0000,pid,0,0,43.4690,0.2380,20.2970,0.9990,0.0460,1.0000,43.2610,1,0,-1,41.9490,-0.2380,20.0310,0.1190,0.9990,1,0,42.0740,0.1399,1,0,0,0,1,1,19,34.0620,-0.3750,15.3720,0.0350,0.9990,1,1,34.0620,-1.1415,1,0,0,1,1,1,1,34.0620,-0.3750,15.2720,0.0350,0.9990,1,1,34.0620,-1.2308,1,0,0,1,-0.6523
20.3750,-0.1050,77.0000,pid,0,0,44.1250,0.2710,20.4530,0.9990,0.0550,1.0000,42.4170,1,0,-1,42.6050,-0.2710,20.1250,0.1230,0.9990,1,0,42.6670,0.1466,1,0,0,0,1,1,19,32.3120,-0.3440,15.6530,0.1850,0.9990,1,1,32.3120,-1.1037,1,0,0,1,1,1,1,32.3120,-0.3440,15.5500,0.1840,0.9990,1,1,32.3120,-1.1950,1,0,0,1,-0.6014
20.3670,-0.1210,77.0000,pid,0,0,43.5310,0.2230,20.1250,0.9990,0.0650,1.0000,41.9490,1,0,-1,42.0110,-0.2230,19.9020,0.1110,0.9990,1,0,42.1050,0.1479,1,0,0,0,1,1,19,32.3120,-0.3440,15.6450,0.3020,0.9990,1,1,32.3120,-1.0684,1,0,0,1,1,1,1,32.3120,-0.3440,15.5420,0.3000,0.9990,1,1,32.3120,-1.1612,1,0,0,1,-0.5523
20.3510,-0.2050,77.0000,pid,0,0,43.6250,0.2410,19.8590,0.9990,0.0750,1.0000,42.6050,1,0,-1,42.1050,-0.2410,19.5260,0.0850,0.9990,1,0,42.1990,0.1455,1,0,0,0,1,0,-1,42.1050,-0.2410,19.5260,0.0850,0.9990,1,0,42.1990,-0.9625,1,0,0,1,1,0,-1,42.1050,-0.2410,19.5260,0.0850,0.9990,1,0,42.1990,-1.0552,1,0,0,1,-0.5018
20.3410,-0.1870,77.0000,pid,0,0,42.3750,0.2280,20.0160,0.9990,0.0810,1.0000,42.0110,1,0,-1,40.8550,-0.2280,19.6350,0.1000,0.9990,1,0,40.9490,0.1442,1,0,0,0,1,0,-1,40.8550,-0.2280,19.6350,0.1000,0.9990,1,0,40.9490,-0.8920,1,0,0,1,1,0,-1,40.8550,-0.2280,19.6350,0.1000,0.9990,1,0,40.9490,-0.9848,1,0,0,1,-0.4536
20.3370,-0.1150,77.0000,pid,0,0,42.1880,0.1970,20.0000,0.9990,0.0870,1.0000,40.8550,1,0,-1,40.6670,-0.1970,19.6530,0.0830,0.9990,1,0,40.7300,0.1413,1,0,0,0,1,0,-1,40.6670,-0.1970,19.6530,0.0830,0.9990,1,0,40.7300,-0.8101,1,0,0,1,1,0,-1,40.6670,-0.1970,19.6530,0.0830,0.9990,1,0,40.7300,-0.9025,1,0,0,1,-0.3810
20.3480,0.0160,77.0000,pid,0,0,41.2810,0.2240,20.0470,0.9990,0.0910,1.0000,40.6670,1,0,-1,39.7610,-0.2240,19.6920,0.0300,0.9990,1,0,39.8550,0.1367,1,0,0,0,1,0,-1,39.7610,-0.2240,19.6920,0.0300,0.9990,1,0,39.8550,-0.7378,1,0,0,1,1,0,-1,39.7610,-0.2240,19.6920,0.0300,0.9990,1,0,39.8550,-0.8296,1,0,0,1,-0.3317
20.3400,-0.0530,77.0000,pid,0,0,42.3120,0.1820,20.2190,0.9990,0.0950,1.0000,40.6670,1,0,-1,40.7920,-0.1820,19.8370,0.0280,0.9990,1,0,40.9170,0.1353,1,0,0,0,1,0,-1,40.7920,-0.1820,19.8370,0.0280,0.9990,1,0,40.9170,-0.6586,1,0,0,1,1,0,-1,40.7920,-0.1820,19.8370,0.0280,0.9990,1,0,40.9170,-0.7494,1,0,0,1,-0.3014
20.3330,-0.1000,77.0000,pid,0,0,40.6250,0.1410,18.8750,1.0000,0.0980,1.0000,39.7610,1,0,-1,39.1050,-0.1410,18.5420,-0.0100,1.0000,1,0,39.2300,0.1121,1,0,0,0,1,0,-1,39.1050,-0.1410,18.5420,-0.0100,1.0000,1,0,39.2300,-0.6068,1,0,0,1,1,0,-1,39.1050,-0.1410,18.5420,-0.0100,1.0000,1,0,39.2300,-0.6963,1,0,0,1,-0.2530
20.3410,-0.0010,77.0000,pid,0,0,39.6880,0.1530,18.9060,1.0000,0.0990,1.0000,39.1050,1,0,-1,38.1670,-0.1530,18.5630,-0.0230,1.0000,1,0,38.2610,0.0962,1,0,0,0,1,0,-1,38.1670,-0.1530,18.5630,-0.0230,1.0000,1,0,38.2610,-0.5446,1,0,0,1,1,0,-1,38.1670,-0.1530,18.5630,-0.0230,1.0000,1,0,38.2610,-0.6326,1,0,0,1,-0.1831
20.3540,0.1010,77.0000,pid,0,0,39.7810,0.1120,18.7190,1.0000,0.0910,1.0000,38.1670,1,0,-1,38.2610,-0.1120,18.4070,-0.0170,1.0000,1,0,38.4170,0.0744,1,0,0,0,1,0,-1,38.2610,-0.1120,18.4070,-0.0170,1.0000,1,0,38.4170,-0.4896,1,0,0,1,1,0,-1,38.2610,-0.1120,18.4070,-0.0170,1.0000,1,0,38.4170,-0.5758,1,0,0,1,-0.1500
20.3570,0.0860,77.0000,pid,0,0,37.6880,0.1070,18.2660,0.9990,0.0830,1.0000,38.1670,1,0,-1,36.1670,-0.1070,17.8070,-0.0370,1.0000,1,0,36.3240,0.0440,1,0,0,0,1,0,-1,36.1670,-0.1070,17.8070,-0.0370,1.0000,1,0,36.3240,-0.4448,1,0,0,1,1,0,-1,36.1670,-0.1070,17.8070,-0.0370,1.0000,1,0,36.3240,-0.5290,1,0,0,1,-0.1073
20.3570,0.0620,77.0000,pid,0,0,38.5940,0.1060,19.1090,1.0000,0.0740,1.0000,36.1670,1,0,-1,37.0740,-0.1060,18.7070,-0.0060,1.0000,1,0,37.1990,0.0287,1,0,0,0,1,0,-1,37.0740,-0.1060,18.7070,-0.0060,1.0000,1,0,37.1990,-0.3831,1,0,0,1,1,0,-1,37.0740,-0.1060,18.7070,-0.0060,1.0000,1,0,37.1990,-0.4652,1,0,0,1,-0.0509
20.3680,0.1180,77.0000,pid,0,0,39.0620,0.1020,19.1250,1.0000,0.0600,1.0000,36.1670,1,0,-1,37.5420,-0.1020,18.8280,0.0020,1.0000,1,0,37.6670,0.0080,1,0,0,0,1,0,-1,37.5420,-0.1020,18.8280,0.0020,1.0000,1,0,37.6670,-0.3293,1,0,0,1,1,0,-1,37.5420,-0.1020,18.8280,0.0020,1.0000,1,0,37.6670,-0.4091,1,0,0,1,-0.0022
20.3670,0.0630,77.0000,off,1,0,38.2810,0.1060,18.9380,1.0000,0.0510,1.0000,37.0740,1,0,-1,36.7610,-0.1060,18.7520,-0.0270,1.0000,1,0,36.8860,-0.0943,1,0,0,0,1,0,-1,36.7610,-0.1060,18.7520,-0.0270,1.0000,1,0,36.8860,-0.0874,1,0,0,1,1,0,-1,36.7610,-0.1060,18.7520,-0.0270,1.0000,1,0,36.8860,-0.1016,1,0,0,1,0.0477
20.3700,0.0690,77.0000,off,1,0,38.8440,0.0900,19.3120,1.0000,-0.0040,1.0000,37.5420,1,0,-1,37.3240,-0.0900,18.9600,-0.0080,1.0000,1,0,37.4170,-0.0563,1,0,0,0,1,0,-1,37.3240,-0.0900,18.9600,-0.0080,1.0000,1,0,37.4170,-0.0562,1,0,0,1,1,0,-1,37.3240,-0.0900,18.9600,-0.0080,1.0000,1,0,37.4170,-0.0564,1,0,0,1,0.0980
20.3500,-0.1210,77.0000,off,1,0,37.0310,0.1020,18.8910,0.9990,0.0000,1.0000,36.7610,1,0,-1,35.5110,-0.1020,18.6880,-0.0180,1.0000,1,0,35.6050,-0.2402,1,0,0,0,1,0,-1,35.5110,-0.1020,18.6880,-0.0180,1.0000,1,0,35.6050,-0.2402,1,0,0,1,1,0,-1,35.5110,-0.1020,18.6880,-0.0180,1.0000,1,0,35.6050,-0.2402,1,0,0,1,0.1449
20.3150,-0.3180,77.0000,off,1,0,36.6880,0.1170,19.0470,0.9990,-0.0000,1.0000,35.5110,1,0,-1,35.1670,-0.1170,18.6400,-0.0070,1.0000,1,0,35.2920,-0.3797,1,0,0,0,1,0,-1,35.1670,-0.1170,18.6400,-0.0070,1.0000,1,0,35.2920,-0.3797,1,0,0,1,1,0,-1,35.1670,-0.1170,18.6400,-0.0070,1.0000,1,0,35.2920,-0.3797,1,0,0,1,0.2192
20.2490,-0.7160,77.0000,off,1,0,38.2500,0.1350,19.3440,0.9990,-0.0000,1.0000,35.1670,1,0,-1,36.7300,-0.1350,19.1340,-0.0160,1.0000,1,0,36.7610,-0.6697,0,0,0,0,1,0,-1,36.7300,-0.1350,19.1340,-0.0160,1.0000,1,0,36.7610,-0.6697,0,0,0,1,1,0,-1,36.7300,-0.1350,19.1340,-0.0160,1.0000,1,0,36.7610,-0.6697,0,0,0,1,0.2673
20.2120,-0.8450,77.0000,off,1,0,39.8440,0.0990,20.3120,0.9990,-0.0000,1.0000,36.7300,1,0,-1,38.3240,-0.0990,19.8780,0.0020,0.9990,1,0,38.3240,-0.7982,0,0,0,0,1,0,-1,38.3240,-0.0990,19.8780,0.0020,0.9990,1,0,38.3240,-0.7982,0,0,0,1,1,0,-1,38.3240,-0.0990,19.8780,0.0020,0.9990,1,0,38.3240,-0.7982,0,0,0,1,0.3003
20.1440,-1.0600,77.0000,off,1,0,38.7500,0.0710,19.7190,0.9990,-0.0000,1.0000,36.7300,1,0,-1,37.2300,-0.0710,19.4600,-0.0130,0.9990,1,0,37.2300,-1.0133,0,0,0,0,1,0,-1,37.2300,-0.0710,19.4600,-0.0130,0.9990,1,0,37.2300,-1.0133,0,0,0,1,1,0,-1,37.2300,-0.0710,19.4600,-0.0130,0.9990,1,0,37.2300,-1.0133,0,0,0,1,0.3480
20.0710,-1.2080,77.0000,off,1,0,38.9690,0.1030,20.2190,0.9990,-0.0000,1.0000,38.3240,1,0,-1,37.4490,-0.1030,19.6990,-0.0210,0.9990,1,0,37.4800,-1.1609,0,0,0,0,1,0,-1,37.4490,-0.1030,19.6990,-0.0210,0.9990,1,0,37.4800,-1.1609,0,0,0,1,1,0,-1,37.4490,-0.1030,19.6990,-0.0210,0.9990,1,0,37.4800,-1.1609,0,0,0,1,0.3982
20.0080,-1.2250,77.0000,off,1,0,38.0000,0.0600,20.2500,0.9990,-0.0000,1.0000,37.2300,1,0,-1,36.4800,-0.0600,19.6870,-0.0180,0.9990,1,0,36.5110,-1.1785,0,0,0,0,1,0,-1,36.4800,-0.0600,19.6870,-0.0180,0.9990,1,0,36.5110,-1.1785,0,0,0,1,1,0,-1,36.4800,-0.0600,19.6870,-0.0180,0.9990,1,0,36.5110,-1.1785,0,0,0,1,0.4471
19.9300,-1.1750,77.0000,off,1,0,39.3120,0.0540,21.1880,0.9990,-0.0000,1.0000,36.4800,1,0,-1,37.7920,-0.0540,20.2070,-0.0390,0.9990,1,0,37.8240,-1.1283,0,0,0,0,1,0,-1,37.7920,-0.0540,20.2070,-0.0390,0.9990,1,0,37.8240,-1.1283,0,0,0,1,1,0,-1,37.7920,-0.0540,20.2070,-0.0390,0.9990,1,0,37.8240,-1.1283,0,0,0,1,0.5183
19.8790,-1.1210,77.0000,off,1,0,37.9690,0.0430,20.2810,0.9990,-0.0000,1.0000,37.7920,1,0,-1,36.4490,-0.0430,19.5510,-0.0170,0.9990,1,0,36.4800,-1.0742,0,0,0,0,1,0,-1,36.4490,-0.0430,19.5510,-0.0170,0.9990,1,0,36.4800,-1.0742,0,0,0,1,1,0,-1,36.4490,-0.0430,19.5510,-0.0170,0.9990,1,0,36.4800,-1.0742,0,0,0,1,0.5679
19.8480,-1.0950,77.0000,off,1,0,38.0940,0.0170,19.5470,0.9990,-0.0000,1.0000,36.4490,1,0,-1,36.5740,-0.0170,18.7670,-0.0660,0.9990,1,0,36.6360,-1.0479,0,0,0,0,1,0,-1,36.5740,-0.0170,18.7670,-0.0660,0.9990,1,0,36.6360,-1.0479,0,0,0,1,1,0,-1,36.5740,-0.0170,18.7670,-0.0660,0.9990,1,0,36.6360,-1.0479,0,0,0,1,0.6009
19.8080,-0.9840,77.0000,off,1,0,37.8440,-0.0500,20.0780,1.0000,-0.0000,1.0000,36.4490,1,0,-1,36.3240,0.0500,19.2770,-0.0770,1.0000,1,0,36.3550,-0.9369,0,0,0,0,1,0,-1,36.3240,0.0500,19.2770,-0.0770,1.0000,1,0,36.3550,-0.9369,0,0,0,1,1,0,-1,36.3240,0.0500,19.2770,-0.0770,1.0000,1,0,36.3550,-0.9369,0,0,0,1,0.6462
19.7500,-0.9160,77.0000,off,1,0,37.6250,-0.0390,19.5470,1.0000,-0.0000,1.0000,36.3240,1,0,-1,36.1050,0.0390,18.6120,-0.1470,1.0000,1,0,36.1360,-0.8690,0,0,0,0,1,0,-1,36.1050,0.0390,18.6120,-0.1470,1.0000,1,0,36.1360,-0.8690,0,0,0,1,1,0,-1,36.1050,0.0390,18.6120,-0.1470,1.0000,1,0,36.1360,-0.8690,0,0,0,1,0.7183
19.6990,-0.9510,77.0000,off,1,0,37.5620,-0.0770,17.6880,0.9990,-0.0000,1.0000,36.1050,1,0,-1,36.0420,0.0770,17.0410,-0.1580,1.0000,1,0,36.1990,-0.9390,1,0,0,0,1,0,-1,36.0420,0.0770,17.0410,-0.1580,1.0000,1,0,36.1990,-0.9390,1,0,0,1,1,0,-1,36.0420,0.0770,17.0410,-0.1580,1.0000,1,0,36.1990,-0.9390,1,0,0,1,0.7674
19.6470,-1.0740,77.0000,off,1,0,37.4380,-0.0290,16.6560,0.9990,-0.0000,1.0000,36.0420,1,0,-1,35.9170,0.0290,15.9200,-0.1680,0.9990,1,0,36.1360,-1.1475,1,0,0,0,1,1,19,27.7500,-0.0160,16.3640,0.1120,0.9990,1,1,27.7500,-1.1614,1,0,0,1,1,1,1,27.7500,-0.0160,16.2560,0.1110,0.9990,1,1,27.7500,-1.1740,1,0,0,1,0.8010
19.5980,-1.1200,77.0000,off,1,0,36.6560,-0.0000,16.2190,0.9980,-0.0000,1.0000,35.9170,1,0,-1,35.1360,0.0000,15.5280,-0.2580,0.9990,1,0,35.2610,-1.2419,1,0,0,0,1,1,19,29.1880,0.0160,16.6930,0.0790,0.9990,1,1,29.1880,-1.1338,1,0,0,1,1,1,1,29.1880,0.0160,16.5830,0.0780,0.9990,1,1,29.1880,-1.1468,1,0,0,1,0.8485
19.5380,-1.1520,77.0000,off,1,0,35.8120,0.0310,15.8440,0.9980,-0.0000,1.0000,35.9170,1,0,-1,34.2920,-0.0310,15.2990,-0.3300,0.9990,1,0,34.3550,-1.3043,1,0,0,0,1,1,19,29.1880,0.0160,16.6320,0.0340,0.9990,1,1,29.1880,-1.1581,1,0,0,1,1,1,1,29.1880,0.0160,16.5230,0.0330,0.9990,1,1,29.1880,-1.1710,1,0,0,1,0.8980
19.4740,-1.1950,77.0000,off,1,0,35.9380,0.0430,16.0310,0.9990,-0.0000,1.0000,34.2920,1,0,-1,34.4170,-0.0430,15.4800,-0.2560,0.9990,1,0,34.6050,-1.2926,1,0,0,0,1,1,19,29.9380,0.0310,16.3430,-0.0860,0.9990,1,1,29.9380,-1.2142,1,0,0,1,1,1,1,29.9380,0.0310,16.2360,-0.0860,0.9990,1,1,29.9380,-1.2266,1,0,0,1,0.9487
19.4130,-1.2050,77.0000,off,1,0,35.7500,0.0310,16.9380,0.9990,-0.0000,1.0000,34.2920,1,0,-1,34.2300,-0.0310,16.2300,-0.1500,0.9990,1,0,34.3860,-1.1908,1,0,0,0,1,1,19,29.9380,0.0310,16.4930,-0.1390,0.9990,1,1,29.9380,-1.1999,1,0,0,1,1,1,1,29.9380,0.0310,16.3850,-0.1390,0.9990,1,1,29.9380,-1.2125,1,0,0,1,0.9989
19.3520,-1.2180,77.0000,off,1,0,35.7190,0.0290,17.2810,0.9990,-0.0000,1.0000,34.4170,1,0,-1,34.1990,-0.0290,16.3820,-0.1900,0.9990,1,0,34.3550,-1.1805,1,0,0,0,1,1,19,32.9380,0.0000,16.4960,-0.1800,0.9990,1,1,32.9380,-1.1705,0,0,0,1,1,1,1,32.9380,0.0000,16.3880,-0.1790,0.9990,1,1,32.9380,-1.1785,1,0,0,1,1.0475
19.2940,-1.1980,77.0000,off,1,0,35.5000,0.0240,17.0620,0.9990,-0.0000,1.0000,34.2300,1,0,-1,33.9800,-0.0240,16.2750,-0.1820,0.9990,1,0,34.1050,-1.1725,1,0,0,0,1,1,19,32.9380,0.0000,16.4390,-0.2270,0.9990,1,1,32.9380,-1.1550,1,0,0,1,1,1,1,32.9380,0.0000,16.3300,-0.2260,0.9990,1,1,32.9380,-1.1675,1,0,0,1,1.0968
19.2100,-1.2010,77.0000,off,1,0,35.4380,0.0330,16.5310,0.9990,-0.0000,1.0000,33.9800,1,0,-1,33.9170,-0.0330,15.8100,-0.2260,0.9990,1,0,34.0740,-1.2250,1,0,0,0,1,1,19,32.3120,0.0310,16.5070,-0.2430,0.9990,1,1,32.3120,-1.1534,0,0,0,1,1,1,1,32.3120,0.0310,16.3990,-0.2420,0.9990,1,1,32.3120,-1.1596,1,0,0,1,1.1682
19.1780,-1.1690,77.0000,off,1,0,34.4380,-0.0250,16.1560,0.9990,-0.0000,1.0000,33.9170,1,0,-1,32.9170,0.0250,15.6290,-0.2650,0.9990,1,0,33.0740,-1.2385,1,0,0,0,1,1,19,32.3120,0.0310,16.4760,-0.2610,0.9990,1,1,32.3120,-1.1258,1,0,0,1,1,1,1,32.3120,0.0310,16.3670,-0.2600,0.9990,1,1,32.3120,-1.1383,1,0,0,1,1.2002
19.1170,-1.1770,77.0000,off,1,0,35.3120,0.0160,16.5160,0.9990,-0.0000,1.0000,33.9170,1,0,-1,33.7920,-0.0160,15.8520,-0.2500,0.9990,1,0,33.9170,-1.1969,1,0,0,0,1,1,19,32.7500,0.0470,16.8030,-0.1790,0.9990,1,1,32.7500,-1.1288,0,0,0,1,1,1,1,32.7500,0.0470,16.6930,-0.1780,0.9990,1,1,32.7500,-1.1288,0,0,0,1,1.2481
19.0580,-1.1750,77.0000,off,1,0,34.9690,0.0070,15.9380,0.9990,-0.0000,1.0000,32.9170,1,0,-1,33.4490,-0.0070,15.2890,-0.2570,0.9990,1,0,33.6050,-1.2566,1,0,0,0,1,1,19,33.0620,0.0620,16.6690,-0.1480,0.9990,1,1,33.0620,-1.1271,0,0,0,1,1,1,1,33.0620,0.0620,16.5590,-0.1470,0.9990,1,1,33.0620,-1.1271,0,0,0,1,1.2987
19.0010,-1.1480,77.0000,off,1,0,34.6880,0.0150,16.6560,0.9990,-0.0000,1.0000,33.7920,1,0,-1,33.1670,-0.0150,15.8380,-0.2780,0.9990,1,0,33.2610,-1.1764,1,0,0,0,1,1,19,33.1250,0.0620,16.8310,-0.0740,0.9990,1,1,33.1250,-1.1004,0,0,0,1,1,1,1,33.1250,0.0620,16.7210,-0.0730,0.9990,1,1,33.1250,-1.1004,0,0,0,1,1.3481
18.9400,-1.1940,77.0000,off,1,0,34.9380,0.0300,16.1250,0.9990,-0.0000,1.0000,33.4490,1,0,-1,33.4170,-0.0300,15.4150,-0.2220,0.9990,1,0,33.5110,-1.2343,1,0,0,0,1,1,19,33.0000,0.0620,16.8340,-0.0110,0.9990,1,1,33.0000,-1.1458,0,0,0,1,1,1,1,33.0000,0.0620,16.7230,-0.0120,0.9990,1,1,33.0000,-1.1458,0,0,0,1,1.3977
18.8730,-1.2510,77.0000,off,1,0,35.0940,0.0230,16.1090,0.9990,-0.0000,1.0000,33.1670,1,0,-1,33.5740,-0.0230,15.3710,-0.2660,0.9990,1,0,33.7300,-1.2756,1,0,0,0,1,1,19,33.0000,0.0620,16.7680,0.0210,0.9990,1,1,33.0000,-1.2029,0,0,0,1,1,1,1,33.0000,0.0620,16.6570,0.0200,0.9990,1,1,33.0000,-1.2029,0,0,0,1,1.4472
18.8050,-1.3030,77.0000,off,1,0,34.9690,0.0040,16.8590,0.9990,-0.0000,1.0000,33.4170,1,0,-1,33.4490,-0.0040,15.8830,-0.2360,0.9990,1,0,33.5420,-1.2545,0,0,0,0,1,1,19,33.4380,0.0620,16.7910,0.0530,0.9990,1,1,33.4380,-1.2545,0,0,0,1,1,1,1,33.4380,0.0620,16.6800,0.0520,0.9990,1,1,33.4380,-1.2545,0,0,0,1,1.4967
18.7240,-1.2270,77.0000,off,1,0,34.7190,0.0230,16.0780,0.9990,-0.0000,1.0000,33.4490,1,0,-1,33.1990,-0.0230,15.2660,-0.1900,0.9990,1,0,33.3240,-1.2429,1,0,0,0,1,1,19,33.3750,0.0620,17.1410,0.1780,0.9990,1,1,33.3750,-1.1785,0,0,0,1,1,1,1,33.3750,0.0620,17.0280,0.1770,0.9990,1,1,33.3750,-1.1785,0,0,0,1,1.5686
18.6830,-1.1590,77.0000,off,1,0,33.8440,0.0270,16.3590,0.9990,-0.0000,1.0000,33.1990,1,0,-1,32.3240,-0.0270,15.6560,-0.2750,0.9990,1,0,32.4170,-1.1719,1,0,0,0,1,1,19,33.3750,0.0620,17.1000,0.2660,0.9990,1,1,33.3750,-1.1104,0,0,0,1,1,1,1,33.3750,0.0620,16.9870,0.2650,0.9990,1,1,33.3750,-1.1104,0,0,0,1,1.6000
18.6340,-1.1810,77.0000,off,1,0,33.5000,-0.0010,16.4840,0.9990,-0.0000,1.0000,33.1990,1,0,-1,31.9800,0.0010,15.6760,-0.2760,0.9990,1,0,32.0420,-1.1829,1,0,0,0,1,1,19,33.3750,0.0620,17.0510,0.3210,0.9990,1,1,33.3750,-1.1327,0,0,0,1,1,1,1,33.3750,0.0620,16.9380,0.3180,0.9990,1,1,33.3750,-1.1327,0,0,0,1,1.6470
18.5790,-1.1490,77.0000,off,1,0,33.6560,0.0470,16.3120,0.9990,-0.0000,1.0000,32.3240,1,0,-1,32.1360,-0.0470,15.6280,-0.2380,0.9990,1,0,32.2300,-1.1502,1,0,0,0,1,1,19,29.7500,0.0310,17.1990,0.4020,0.9990,1,1,29.7500,-1.1002,0,0,0,1,1,1,1,29.7500,0.0310,17.0850,0.3990,0.9990,1,1,29.7500,-1.1002,0,0,0,1,1.6970
18.5180,-1.1860,77.0000,off,1,0,32.7500,0.0420,16.4220,0.9990,-0.0000,1.0000,31.9800,1,0,-1,31.2300,-0.0420,15.9210,-0.2690,0.9990,1,0,31.2920,-1.1511,1,0,0,0,1,1,19,31.6250,0.0470,17.2100,0.4660,0.9990,1,1,31.6250,-1.1374,0,0,0,1,1,1,1,31.6250,0.0470,17.0970,0.4630,0.9990,1,1,31.6250,-1.1374,0,0,0,1,1.7467
18.4460,-1.1110,77.0000,off,1,0,33.5940,0.0800,16.4220,0.9990,-0.0000,1.0000,31.2300,1,0,-1,32.0740,-0.0800,15.8110,-0.2880,0.9990,1,0,32.1360,-1.0940,1,0,0,0,1,1,19,32.2500,0.0470,17.3770,0.5600,0.9990,1,1,32.2500,-1.0620,0,0,0,1,1,1,1,32.2500,0.0470,17.2620,0.5560,0.9990,1,1,32.2500,-1.0620,0,0,0,1,1.8177
18.3900,-1.1310,77.0000,off,1,0,33.8120,0.0920,16.3590,0.9990,-0.0000,1.0000,32.0740,1,0,-1,32.2920,-0.0920,15.6360,-0.2230,0.9990,1,0,32.3860,-1.1068,1,0,0,0,1,1,19,31.0000,0.0470,17.3670,0.6250,0.9990,1,1,31.0000,-1.0826,0,0,0,1,1,1,1,31.0000,0.0470,17.2530,0.6210,0.9990,1,1,31.0000,-1.0826,0,0,0,1,1.8684
18.3340,-1.1290,77.0000,off,1,0,33.0620,0.0710,16.2030,0.9990,-0.0000,1.0000,32.2920,1,0,-1,31.5420,-0.0710,15.6400,-0.2450,0.9990,1,0,31.6050,-1.1107,1,0,0,0,1,1,19,31.9380,0.0620,17.3780,0.6730,0.9990,1,1,31.9380,-1.0798,0,0,0,1,1,1,1,31.9380,0.0620,17.2640,0.6680,0.9990,1,1,31.9380,-1.0798,0,0,0,1,1.9175
18.2780,-1.1220,77.0000,off,1,0,33.2500,0.0190,16.0310,0.9990,-0.0000,1.0000,31.5420,1,0,-1,31.7300,-0.0190,15.3850,-0.2320,0.9990,1,0,31.8240,-1.1233,1,0,0,0,1,1,19,33.2500,0.0620,17.2560,0.6670,0.9990,1,1,33.2500,-1.0732,0,0,0,1,1,1,1,33.2500,0.0620,17.1430,0.6620,0.9990,1,1,33.2500,-1.0732,0,0,0,1,1.9669
18.2370,-1.1890,77.0000,off,1,0,33.3750,0.0330,16.0620,0.9990,-0.0000,1.0000,31.5420,1,0,-1,31.8550,-0.0330,15.4030,-0.2050,0.9990,1,0,31.9490,-1.1553,1,0,0,0,1,1,19,31.1880,0.0780,17.4310,0.7030,0.9990,1,1,31.1880,-1.1395,0,0,0,1,1,1,1,31.1880,0.0780,17.3170,0.6980,0.9990,1,1,31.1880,-1.1395,0,0,0,1,1.9985
