drive,seg,t,track,minA,native,cam,cam_trend,d,cls,dur,age_min,radar_d,radar_y,model_y_left,vrel_native,vrel_range,vrel_range_causal_1_5s,vrel_range_causal_3s,vrel_bounded_3s,vrel_cam,cam_ids,vrel_vision,brake_in_5s
B,B01,117.100,-1,-1.226,0.080,,,,vision-led (planner history),,,,,,,,,,,,,,
B,B04,248.300,-1,-1.341,-4.170,,,,vision-led (planner history),,,,,,,,,,,,,,
B,B05,331.600,10,-1.020,-2.860,,,32.700,no camera pair,,,,,,,,,,,,,,
B,B07,474.300,1,-1.050,-1.740,-2.020,,22.300,camera confirms closing,,,,,,,,,,,,,,
B,B11,679.200,1,-1.720,-4.410,-0.380,-1.910,47.900,camera confirms closing,,,,,,,,,,,,,,
B,B11,711.900,-1,-1.721,-2.330,,,,vision-led (planner history),,,,,,,,,,,,,,
B,B17,1059.300,31,-1.010,-4.910,-4.490,-5.460,65.700,camera confirms closing,,,,,,,,,,,,,,
B,B20,1224.900,-1,-1.500,0.750,,,,vision-led (planner history),,,,,,,,,,,,,,
B,B26,294.600,48,-1.010,-6.170,-6.450,-7.800,90.800,camera confirms closing,,,,,,,,,,,,,,
B,B32,604.600,-1,-1.195,-0.590,,,,vision-led (planner history),,,,,,,,,,,,,,
B,B37,954.100,92,-1.360,-2.400,-2.770,-2.740,33.500,camera confirms closing,,,,,,,,,,,,,,
B,B37,958.700,92,-1.080,-2.590,,,21.900,no camera pair,,,,,,,,,,,,,,
C,C01,115.300,2,-1.210,-1.190,-0.710,-0.860,38.200,camera ~steady (native overstated),,,,,,,,,,,,,,
C,C03,232.700,-1,-1.325,-2.550,,,,vision-led (planner history),,,,,,,,,,,,,,
C,C04,272.500,1,-1.120,-2.810,-0.360,0.140,52.200,camera ~steady (native overstated),,,,,,,,,,,,,,
C,C05,352.000,2,-1.120,-2.230,-2.420,-2.320,43.900,camera confirms closing,,,,,,,,,,,,,,
C,C06,411.500,1,-1.240,-3.400,-1.900,-1.910,38.600,camera confirms closing,,,,,,,,,,,,,,
C,C07,441.900,14,-2.240,-3.250,-0.600,-1.450,56.500,camera confirms closing,,,,,,,,,,,,,,
C,C08,506.400,1,-1.770,-2.330,-1.310,-1.500,35.100,camera confirms closing,,,,,,,,,,,,,,
C,C09,577.600,1,-1.520,-0.980,-0.050,0.050,37.400,camera ~steady (native overstated),,,,,,,,,,,,,,
C,C10,616.600,-1,-1.887,-0.660,,,,vision-led (planner history),,,,,,,,,,,,,,
C,C13,793.600,11,-1.050,-2.340,-3.280,-3.740,90.600,camera confirms closing,,,,,,,,,,,,,,
C,C13,796.500,11,-2.730,-4.240,-3.420,-4.110,84.200,camera confirms closing,,,,,,,,,,,,,,
C,C14,862.700,9,-1.520,-1.720,-0.210,0.570,71.400,CAMERA OPENING (contradicted),,,,,,,,,,,,,,
C,C14,882.600,1,-1.080,-2.260,1.300,1.600,52.600,CAMERA OPENING (contradicted),,,,,,,,,,,,,,
C,C14,895.400,1,-1.280,-0.890,-0.390,-0.450,56.400,camera ~steady (native overstated),,,,,,,,,,,,,,
C,C15,928.900,3,-1.220,-3.110,0.950,1.130,51.000,CAMERA OPENING (contradicted),,,,,,,,,,,,,,
C,C15,950.900,3,-1.060,-1.350,-2.250,-0.560,66.300,camera ~steady (native overstated),,,,,,,,,,,,,,
C,C17,1020.800,1,-2.240,-2.660,1.980,1.270,50.600,CAMERA OPENING (contradicted),,,,,,,,,,,,,,
C,C17,1033.500,1,-1.030,-4.330,-1.060,-0.870,46.300,camera ~steady (native overstated),,,,,,,,,,,,,,
C,C17,1041.100,1,-1.060,-0.860,-0.850,-0.710,37.800,camera ~steady (native overstated),,,,,,,,,,,,,,
C,C18,1101.000,1,-1.250,-2.500,0.460,-0.680,38.400,camera ~steady (native overstated),,,,,,,,,,,,,,
C,C18,1130.700,1,-1.390,-2.420,-2.730,-2.730,34.800,camera confirms closing,,,,,,,,,,,,,,
C,C21,1319.300,1,-1.090,-1.130,-0.370,0.020,39.400,camera ~steady (native overstated),,,,,,,,,,,,,,
A,A02,51.690,13,-1.190,,,,,engaged drive A (see docs/05 for review),0.100,112.000,78.440,-0.030,-0.040,-5.990,-1.110,1.600,-4.000,-5.990,-4.850,1.000,-1.930,0.000
A,A05,21.870,2,-3.050,,,,,engaged drive A (see docs/05 for review),1.700,126.000,96.590,-0.520,-0.370,-6.880,2.390,2.610,-1.600,-4.720,,0.000,-3.560,0.000
A,A07,6.300,1,-1.320,,,,,engaged drive A (see docs/05 for review),0.750,126.000,53.690,-0.120,0.120,-3.560,0.550,-1.170,-1.860,-3.560,-1.620,1.000,-0.830,0.000
A,A07,25.570,1,-3.500,,,,,engaged drive A (see docs/05 for review),1.430,126.000,48.500,0.170,0.280,-1.900,0.910,0.520,0.810,-1.900,1.860,1.000,-1.130,0.000
A,A08,48.760,1,-2.620,,,,,engaged drive A (see docs/05 for review),1.100,126.000,76.000,2.320,2.940,-1.260,-0.060,1.060,0.820,-1.260,-1.320,1.000,-1.050,0.000
A,A11,11.730,5,-3.500,,,,,engaged drive A (see docs/05 for review),2.330,126.000,94.560,3.470,3.350,-6.400,-3.940,-7.970,-7.880,-6.400,-3.330,1.000,-1.900,0.000
A,A11,38.110,5,-1.930,,,,,engaged drive A (see docs/05 for review),0.600,126.000,52.780,1.160,1.690,-2.780,0.980,-1.090,-1.530,-2.780,-0.760,1.000,0.690,0.000
A,A16,28.230,1,-2.190,,,,,engaged drive A (see docs/05 for review),1.850,87.000,50.940,-1.000,-0.590,-5.320,-7.280,-3.950,-4.440,-5.320,-4.830,1.000,-0.820,0.000
A,A17,9.900,1,-1.230,,,,,engaged drive A (see docs/05 for review),0.900,126.000,40.750,-2.590,-2.330,-2.590,-2.500,-1.460,-2.120,-2.590,,0.000,-0.710,0.000
A,A19,23.890,15,-3.430,,,,,engaged drive A (see docs/05 for review),1.570,126.000,64.380,6.340,7.200,-7.610,-2.920,-2.100,-1.650,-5.420,-5.040,1.000,-0.950,0.000
