drive,group,scenario,ticks,injected_ticks,ghost_chosen_as_lead_share_of_injected,ghost_chosen_share_when_vision_lead_prob_gt_0.5,ghost_chosen_radar_only_modelProb0,nan_aTarget_ticks,nan_lead_dRel_or_vLead_ticks,mpc_nonzero_status_ticks,fcw_ticks,baseline_fcw_ticks,aTarget_minus_baseline_injected_p05_min,ticks_braking_harder_than_baseline_by_1
A,A,baseline,31199,0,,0.0,0,0,0,0,6,6,,0
A,A,vision_only_no_radar,31199,0,,0.0,0,0,0,0,0,6,,110
B,B-part1,baseline,26096,0,,0.0,0,0,0,0,0,0,,0
B,B-part1,vision_only_no_radar,26096,0,,0.0,0,0,0,0,0,0,,22
B,B-part1,ghost_same_d_v_dy3.6_true_missing,26096,26096,0.391,0.545,346,0,0,0,0,0,,397
B,B-part1,lead_vrel_nan_2s,26096,892,0.0,0.0,0,0,110,0,0,0,,1631
B,B-part1,lead_vrel_minus6_2s,26096,1470,0.0,0.0,0,0,0,0,0,0,,524
B,B-part2,baseline,24222,0,,0.0,0,0,0,0,0,0,,0
B,B-part2,vision_only_no_radar,24222,0,,0.0,0,0,0,0,0,0,,80
B,B-part2,ghost_same_d_v_dy3.6_true_missing,24222,24222,0.252,0.578,114,0,0,0,0,0,,195
B,B-part2,lead_vrel_nan_2s,24222,433,0.0,0.0,0,0,38,0,0,0,,933
B,B-part2,lead_vrel_minus6_2s,24222,736,0.0,0.0,0,0,0,0,1,0,,350
C,C,baseline,28799,0,,0.0,0,0,0,0,0,0,,0
C,C,vision_only_no_radar,28799,0,,0.0,0,0,0,0,0,0,,111
C,C,ghost_same_d_v_dy3.6_true_missing,28799,28799,0.461,0.523,0,0,0,0,0,0,,37
C,C,lead_vrel_nan_2s,28799,1227,0.0,0.0,0,0,134,0,0,0,,780
C,C,lead_vrel_minus6_2s,28799,2126,0.0,0.0,0,0,0,0,50,0,,1924
A_engaged,highway_follow,baseline,2398,0,,0.0,0,0,0,0,6,6,,0
A_engaged,highway_follow,ghost_same_d_v_dy1_with_true,2398,2398,0.589,0.613,0,0,0,0,0,6,,0
A_engaged,highway_follow,ghost_same_d_v_dy1_true_missing,2398,2398,0.75,0.78,0,0,0,0,0,6,,0
A_engaged,highway_follow,ghost_same_d_v_dy1.8_with_true,2398,2398,0.143,0.148,0,0,0,0,0,6,,0
A_engaged,highway_follow,ghost_same_d_v_dy1.8_true_missing,2398,2398,0.544,0.565,0,0,0,0,0,6,,0
A_engaged,highway_follow,ghost_same_d_v_dy3.6_with_true,2398,2398,0.013,0.012,0,0,0,0,6,6,,0
A_engaged,highway_follow,ghost_same_d_v_dy3.6_true_missing,2398,2398,0.486,0.505,0,0,0,0,0,6,,0
A_engaged,highway_follow,ghost_same_d_v_dy6_with_true,2398,2398,0.005,0.003,0,0,0,0,6,6,,0
A_engaged,highway_follow,ghost_same_d_v_dy6_true_missing,2398,2398,0.337,0.35,0,0,0,0,0,6,,0
A_engaged,highway_follow,ghost_center_0.8d_minus3_with_true,2398,2398,0.044,0.045,0,0,0,0,0,6,,2
A_engaged,highway_follow,ghost_center_0.8d_minus3_true_missing,2398,2398,0.5,0.519,0,0,0,0,0,6,,39
A_engaged,highway_follow,ghost_adjacent_0.8d_minus3_true_missing,2398,2398,0.326,0.338,0,0,0,0,0,6,,30
A_engaged,highway_follow,ghost_center_0.6d_true_missing,2398,2398,0.0,0.0,0,0,0,0,0,6,,0
A_engaged,highway_follow,lead_vrel_nan_2s,2398,121,0.0,0.0,0,0,0,0,0,6,,0
A_engaged,highway_follow,lead_vrel_minus6_2s,2398,238,0.0,0.0,0,0,0,0,5,6,,205
A_engaged,highway_follow,lead_range_minus10_2s,2398,188,0.0,0.0,0,0,0,0,6,6,,0
A_engaged,highway_follow,lead_range_plus10_2s,2398,238,0.0,0.0,0,0,0,0,6,6,,0
A_engaged,highway_follow,lead_yrel_nan_2s,2398,238,0.0,0.0,0,0,0,0,6,6,,0
A_engaged,highway_follow,all_points_dropped_2s,2398,240,0.0,0.0,0,0,0,0,6,6,,0
A_engaged,highway_follow,stale_frozen_message_2s,2398,240,0.0,0.0,0,0,0,0,6,6,,0
A_engaged,highway_follow,zero_range_sentinel_track,2398,2398,0.0,0.0,0,0,0,0,6,6,,0
A_engaged,city_follow,baseline,3599,0,,0.0,0,0,0,0,0,0,,0
A_engaged,city_follow,ghost_same_d_v_dy1_with_true,3599,3599,0.497,0.542,0,0,0,0,0,0,,63
A_engaged,city_follow,ghost_same_d_v_dy1_true_missing,3599,3599,0.686,0.75,0,0,0,0,0,0,,90
A_engaged,city_follow,ghost_same_d_v_dy1.8_with_true,3599,3599,0.198,0.215,0,0,0,0,0,0,,22
A_engaged,city_follow,ghost_same_d_v_dy1.8_true_missing,3599,3599,0.541,0.59,0,0,0,0,0,0,,73
A_engaged,city_follow,ghost_same_d_v_dy3.6_with_true,3599,3599,0.073,0.077,0,0,0,0,0,0,,0
A_engaged,city_follow,ghost_same_d_v_dy3.6_true_missing,3599,3599,0.473,0.516,0,0,0,0,0,0,,57
A_engaged,city_follow,ghost_same_d_v_dy6_with_true,3599,3599,0.057,0.06,0,0,0,0,0,0,,0
A_engaged,city_follow,ghost_same_d_v_dy6_true_missing,3599,3599,0.461,0.503,0,0,0,0,0,0,,57
A_engaged,city_follow,ghost_center_0.8d_minus3_with_true,3599,3599,0.118,0.127,0,0,0,0,0,0,,97
A_engaged,city_follow,ghost_center_0.8d_minus3_true_missing,3599,3599,0.502,0.548,0,0,0,0,0,0,,185
A_engaged,city_follow,ghost_adjacent_0.8d_minus3_true_missing,3599,3599,0.459,0.5,0,0,0,0,0,0,,157
A_engaged,city_follow,ghost_center_0.6d_true_missing,3599,3599,0.0,0.0,0,0,0,0,0,0,,7
A_engaged,city_follow,lead_vrel_nan_2s,3599,151,0.0,0.0,0,0,0,0,0,0,,30
A_engaged,city_follow,lead_vrel_minus6_2s,3599,296,0.0,0.0,0,0,0,0,32,0,,267
A_engaged,city_follow,lead_range_minus10_2s,3599,199,0.0,0.0,0,0,0,0,0,0,,0
A_engaged,city_follow,lead_range_plus10_2s,3599,240,0.0,0.0,0,0,0,0,0,0,,0
A_engaged,city_follow,lead_yrel_nan_2s,3599,296,0.0,0.0,0,0,0,0,0,0,,0
A_engaged,city_follow,all_points_dropped_2s,3599,361,0.0,0.0,0,0,0,0,0,0,,0
A_engaged,city_follow,stale_frozen_message_2s,3599,361,0.0,0.0,0,0,0,0,0,0,,0
A_engaged,city_follow,zero_range_sentinel_track,3599,3599,0.0,0.0,0,0,0,0,0,0,,0
A_engaged,stop_and_go,baseline,4799,0,,0.0,0,0,0,0,0,0,,0
A_engaged,stop_and_go,ghost_same_d_v_dy1_with_true,4799,4799,0.413,0.438,34,0,0,0,0,0,,35
A_engaged,stop_and_go,ghost_same_d_v_dy1_true_missing,4799,4799,0.661,0.702,31,0,0,0,0,0,,43
A_engaged,stop_and_go,ghost_same_d_v_dy1.8_with_true,4799,4799,0.13,0.135,0,0,0,0,0,0,,25
A_engaged,stop_and_go,ghost_same_d_v_dy1.8_true_missing,4799,4799,0.524,0.556,0,0,0,0,0,0,,39
A_engaged,stop_and_go,ghost_same_d_v_dy3.6_with_true,4799,4799,0.081,0.082,0,0,0,0,0,0,,3
A_engaged,stop_and_go,ghost_same_d_v_dy3.6_true_missing,4799,4799,0.49,0.519,0,0,0,0,0,0,,13
A_engaged,stop_and_go,ghost_same_d_v_dy6_with_true,4799,4799,0.06,0.06,0,0,0,0,0,0,,3
A_engaged,stop_and_go,ghost_same_d_v_dy6_true_missing,4799,4799,0.442,0.468,0,0,0,0,0,0,,28
A_engaged,stop_and_go,ghost_center_0.8d_minus3_with_true,4799,4799,0.458,0.486,1747,0,0,0,0,0,,144
A_engaged,stop_and_go,ghost_center_0.8d_minus3_true_missing,4799,4799,0.691,0.735,1747,0,0,0,0,0,,188
A_engaged,stop_and_go,ghost_adjacent_0.8d_minus3_true_missing,4799,4799,0.305,0.322,0,0,0,0,0,0,,185
A_engaged,stop_and_go,ghost_center_0.6d_true_missing,4799,4799,0.372,0.398,557,0,0,0,0,0,,13
A_engaged,stop_and_go,lead_vrel_nan_2s,4799,209,0.0,0.0,0,0,20,0,0,0,,390
A_engaged,stop_and_go,lead_vrel_minus6_2s,4799,330,0.0,0.0,0,0,0,0,0,0,,193
A_engaged,stop_and_go,lead_range_minus10_2s,4799,301,0.0,0.0,0,0,0,0,0,0,,0
A_engaged,stop_and_go,lead_range_plus10_2s,4799,251,0.0,0.0,0,0,0,0,0,0,,0
A_engaged,stop_and_go,lead_yrel_nan_2s,4799,395,0.0,0.0,0,0,0,0,0,0,,0
A_engaged,stop_and_go,all_points_dropped_2s,4799,481,0.0,0.0,0,0,0,0,0,0,,0
A_engaged,stop_and_go,stale_frozen_message_2s,4799,481,0.0,0.0,0,0,0,0,0,0,,0
A_engaged,stop_and_go,low_speed_ghost_center_5m,4799,1756,0.446,0.446,234,0,0,0,0,0,,141
A_engaged,stop_and_go,low_speed_ghost_near_0.5m,4799,1756,0.002,0.002,0,0,0,0,0,0,,0
A_engaged,stop_and_go,zero_range_sentinel_track,4799,4799,0.0,0.0,0,0,0,0,0,0,,0
