variant,case_s,v_ego,a_target,lead_d,lead_v,lead_a,lead_radar,plan_source,lead_identity
summary_suppressed,-2.9504397279997647,21.547,-0.1571,0.0,0.0,0.0,0,cruise,T1
summary_suppressed,-2.8996993950022443,21.54,-0.1498,108.406,3.66,0.277,1,cruise,T1
summary_suppressed,-2.85019171300155,21.547,-0.1587,108.406,3.66,0.203,1,cruise,T1
summary_suppressed,-2.799931428999116,21.541,-0.1547,109.028,3.559,0.109,1,cruise,T1
summary_suppressed,-2.750365623000107,21.552,-0.1607,108.314,3.512,0.02,1,cruise,T1
summary_suppressed,-2.700086849999934,21.55,-0.1575,107.938,3.378,-0.093,1,cruise,T1
summary_suppressed,-2.6497863059994415,21.561,-0.1719,0.0,0.0,0.0,0,cruise,T1
summary_suppressed,-2.5998361780002597,21.561,-0.1709,0.0,0.0,0.0,0,cruise,T1
summary_suppressed,-2.5498162590010907,21.566,-0.173,0.0,0.0,0.0,0,cruise,T1
summary_suppressed,-2.5001476399993408,21.564,-0.1745,0.0,0.0,0.0,0,cruise,T1
summary_suppressed,-2.450091001999681,21.569,-0.1846,0.0,0.0,0.0,0,cruise,T1
summary_suppressed,-2.3993869700025243,21.562,-0.1731,0.0,0.0,0.0,0,cruise,T1
summary_suppressed,-2.349902882000606,21.562,-0.1704,0.0,0.0,0.0,0,cruise,T1
summary_suppressed,-2.2991848919991753,21.556,-0.1682,0.0,0.0,0.0,0,cruise,T1
summary_suppressed,-2.2496252830023877,21.552,-0.1628,0.0,0.0,0.0,0,cruise,T1
summary_suppressed,-2.1998009359995194,21.54,-0.156,0.0,0.0,0.0,0,cruise,T1
summary_suppressed,-2.1498353390015836,21.542,-0.1534,0.0,0.0,0.0,0,cruise,T1
summary_suppressed,-2.100092658001813,21.542,-0.1522,0.0,0.0,0.0,0,cruise,T1
summary_suppressed,-2.0499993539997377,21.537,-0.1503,92.922,2.006,-1.381,1,cruise,T1
summary_suppressed,-2.0000646949993097,21.539,-0.1546,92.922,2.006,-1.481,1,cruise,T1
summary_suppressed,-1.9502347240013478,21.538,-0.1482,90.829,1.646,-1.645,1,cruise,T1
summary_suppressed,-1.8997000160015887,21.535,-0.1467,0.0,0.0,0.0,0,cruise,T1
summary_suppressed,-1.8502693660011573,21.536,-0.1456,0.0,0.0,0.0,0,cruise,T1
summary_suppressed,-1.8001431970005797,21.544,-0.1535,0.0,0.0,0.0,0,cruise,T1
summary_suppressed,-1.7501928620004037,21.522,-0.1315,0.0,0.0,0.0,0,cruise,T1
summary_suppressed,-1.7001474740027334,21.532,-0.1439,0.0,0.0,0.0,0,cruise,T1
summary_suppressed,-1.6494368290004786,21.523,-0.1341,0.0,0.0,0.0,0,cruise,T1
summary_suppressed,-1.6000282099994365,21.521,-0.1329,0.0,0.0,0.0,0,cruise,T1
summary_suppressed,-1.5500667289998091,21.511,-0.1191,0.0,0.0,0.0,0,cruise,T1
summary_suppressed,-1.499770457001432,21.513,-0.125,0.0,0.0,0.0,0,cruise,T1
summary_suppressed,-1.4495442370025557,21.5,-0.1137,0.0,0.0,0.0,0,cruise,T1
summary_suppressed,-1.3997739010010264,21.494,-0.1068,0.0,0.0,0.0,0,cruise,T1
summary_suppressed,-1.3498905439992086,21.483,-0.0937,0.0,0.0,0.0,0,cruise,T1
summary_suppressed,-1.300001562001853,21.485,-0.0952,0.0,0.0,0.0,0,cruise,T1
summary_suppressed,-1.2499826330022188,21.475,-0.0856,0.0,0.0,0.0,0,cruise,T1
summary_suppressed,-1.1997072990016022,21.477,-0.0904,0.0,0.0,0.0,0,cruise,T1
summary_suppressed,-1.1495124850007414,21.47,-0.0826,0.0,0.0,0.0,0,cruise,T1
summary_suppressed,-1.0998268360017391,21.479,-0.0888,90.462,-3.0,-4.963,1,cruise,T1
summary_suppressed,-1.0501506149994384,21.472,-0.0851,91.14,-3.251,-4.979,1,cruise,T1
summary_suppressed,-1.0000247600000876,21.472,-0.0842,92.063,-3.502,-4.993,1,cruise,T1
summary_suppressed,-0.9504026009999507,21.466,-0.0803,92.605,-3.711,-4.994,1,cruise,T1
summary_suppressed,-0.8999200809994363,21.47,-0.079,93.081,-3.915,-4.982,1,cruise,T1
summary_suppressed,-0.8500893290001841,21.469,-0.081,93.651,-4.069,-4.944,1,cruise,T1
summary_suppressed,-0.7999244120001094,21.466,-0.0786,93.651,-4.069,-4.844,1,cruise,T1
summary_suppressed,-0.7498258490013541,21.458,-0.0724,95.013,-4.196,-4.731,1,cruise,T1
summary_suppressed,-0.7000741590018151,21.445,-0.0582,96.095,-4.314,-4.608,1,cruise,T1
summary_suppressed,-0.6497524200021871,21.398,-0.1204,96.614,-4.355,-4.466,1,lead0,T1
summary_suppressed,-0.5996364090024144,21.358,-0.1919,97.171,-4.447,-4.325,1,lead0,T1
summary_suppressed,-0.5499010210005508,21.33,-0.2741,97.708,-4.511,-4.174,1,lead0,T1
summary_suppressed,-0.5001256860014109,21.284,-0.3591,97.708,-4.511,-4.005,1,lead0,T1
summary_suppressed,-0.450091288999829,21.242,-0.4454,98.828,-4.542,-3.83,1,lead0,T1
summary_suppressed,-0.3995494980008516,21.197,-0.5303,99.445,-4.509,-3.636,1,lead0,T1
summary_suppressed,-0.3502862440000172,21.136,-0.6116,100.315,-4.49,-3.436,1,lead0,T1
summary_suppressed,-0.30038351400071406,21.047,-0.6886,100.573,-4.417,-3.228,1,lead0,T1
summary_suppressed,-0.24991489999956684,20.974,-0.76,100.568,-4.345,-3.013,1,lead0,T1
summary_suppressed,-0.20012081400273019,20.895,-0.8258,100.568,-4.345,-2.817,1,lead0,T1
summary_suppressed,-0.14967652300038026,20.811,-0.8852,101.472,-4.302,-2.628,1,lead0,T1
summary_suppressed,-0.09932316900085425,20.712,-0.9388,101.988,-4.18,-2.43,1,lead0,T1
summary_suppressed,-0.0497508549997292,20.64,-0.9848,102.427,-4.129,-2.24,1,lead0,T1
summary_suppressed,0.0,20.559,-1.0236,103.313,-4.006,-2.041,1,lead0,T1
summary_suppressed,0.049969345000135945,20.49,-1.0554,104.156,-3.915,-1.845,1,lead0,T1
summary_suppressed,0.10027613499914878,20.426,-1.0789,104.156,-3.915,-1.676,1,lead0,T1
summary_suppressed,0.15014683399931528,20.368,-1.0949,103.534,-3.756,-1.487,1,lead0,T1
summary_suppressed,0.20004534499821602,20.302,-1.1049,103.08,-3.67,-1.305,1,lead0,T1
summary_suppressed,0.25003307400038466,20.231,-1.1074,102.505,-3.476,-1.103,1,lead0,T1
summary_suppressed,0.30041991699908976,20.169,-1.1036,101.741,-3.318,-0.895,1,lead0,T1
summary_suppressed,0.35042212599728373,20.112,-1.0921,101.51,-3.181,-0.691,1,lead0,T1
summary_suppressed,0.39995772099791793,20.058,-1.0739,101.51,-3.181,-0.529,1,lead0,T1
summary_suppressed,0.45017529399774503,19.991,-1.0484,102.173,-3.039,-0.368,1,lead0,T1
summary_suppressed,0.5000416689981648,19.938,-1.0176,102.257,-2.901,-0.208,1,lead0,T1
summary_suppressed,0.5495930979996047,19.886,-0.9746,103.007,-2.785,-0.058,1,lead0,T1
summary_suppressed,0.6000099409975519,19.85,-0.9298,102.868,-2.677,0.086,1,lead0,T1
summary_suppressed,0.649964544998511,19.813,-0.8782,103.012,-2.579,0.221,1,lead0,T1
summary_suppressed,0.6999623269985022,19.785,-0.8228,103.012,-2.579,0.319,1,lead0,T1
summary_suppressed,0.7501290139989578,19.762,-0.7625,103.305,-2.486,0.413,1,lead0,T1
summary_suppressed,0.799897630000487,19.735,-0.6996,103.682,-2.353,0.514,1,lead0,T1
summary_suppressed,0.8499648379984137,19.72,-0.6326,104.085,-2.191,0.631,1,lead0,T1
summary_suppressed,0.8998920470003213,19.689,-0.5623,104.469,-2.04,0.753,1,lead0,T1
summary_suppressed,0.9501487329980591,19.673,-0.4885,103.716,-1.881,0.881,1,lead0,T1
summary_suppressed,1.0000791700003901,19.647,-0.4122,103.716,-1.881,0.967,1,lead0,T1
summary_suppressed,1.0504422609992616,19.629,-0.3344,102.853,-1.769,1.05,1,lead0,T1
summary_suppressed,1.100325093997526,19.613,-0.3287,102.063,-1.738,1.107,1,e2e,T1
summary_suppressed,1.1500818860004074,19.599,-0.3759,100.992,-1.719,1.138,1,e2e,T1
summary_suppressed,1.2003137809988402,19.586,-0.3989,99.779,-1.793,1.122,1,e2e,T1
summary_suppressed,1.2501887489997898,19.572,-0.4239,98.684,-1.82,1.081,1,e2e,T1
summary_suppressed,1.2999000199997681,19.571,-0.4423,98.684,-1.82,1.031,1,e2e,T1
summary_suppressed,1.3504634239980078,19.551,-0.4596,98.068,-1.886,0.953,1,e2e,T1
summary_suppressed,1.4000095400006103,19.538,-0.4722,97.316,-1.918,0.862,1,e2e,T1
summary_suppressed,1.4497674249978445,19.53,-0.4778,96.64,-1.985,0.754,1,e2e,T1
summary_suppressed,1.4997917679975217,19.533,-0.5056,95.521,-2.158,0.607,1,e2e,T1
summary_suppressed,1.550139183000283,19.528,-0.5207,95.521,-2.158,0.477,1,e2e,T1
summary_suppressed,1.6002098799981468,19.514,-0.5246,94.523,-2.27,0.327,1,e2e,T1
summary_suppressed,1.649903858997277,19.517,-0.5284,94.281,-2.459,0.147,1,e2e,T1
summary_suppressed,1.7002405969979009,19.52,-0.534,94.277,-2.581,-0.036,1,e2e,T1
summary_suppressed,1.7500431699991168,19.529,-0.5408,93.767,-2.709,-0.219,1,e2e,T1
summary_suppressed,1.8000368360007997,19.525,-0.5308,93.767,-2.709,-0.364,1,e2e,T1
summary_suppressed,1.85019820999878,19.534,-0.4859,93.19,-2.878,-0.525,1,e2e,T1
summary_suppressed,1.9003433329999098,19.532,-0.4729,92.399,-3.007,-0.684,1,e2e,T1
summary_suppressed,1.9502343429994653,19.526,-0.4608,91.681,-3.16,-0.851,1,e2e,T1
summary_suppressed,1.9999916550004855,19.524,-0.4456,91.227,-3.27,-1.007,1,e2e,T1
summary_suppressed,2.0499088100004883,19.503,-0.4528,90.685,-3.409,-1.165,1,e2e,T1
summary_suppressed,2.1014180940001097,19.492,-0.4509,90.685,-3.409,-1.28,1,e2e,T1
summary_suppressed,2.150349887997436,19.477,-0.4447,90.291,-3.544,-1.399,1,e2e,T1
summary_suppressed,2.200243032999424,19.451,-0.4319,90.141,-3.644,-1.511,1,e2e,T1
summary_suppressed,2.250207531000342,19.406,-0.4023,89.416,-3.715,-1.612,1,e2e,T1
summary_suppressed,2.3003783829990425,19.373,-0.453,88.604,-3.755,-1.694,1,e2e,T1
summary_suppressed,2.3504681939994043,19.335,-0.4833,88.573,-3.802,-1.758,1,e2e,T1
summary_suppressed,2.399931079999078,19.295,-0.5105,88.573,-3.802,-1.799,1,e2e,T1
summary_suppressed,2.4500236509993556,19.26,-0.5598,88.22,-3.904,-1.845,1,e2e,T1
summary_suppressed,2.500072523998824,19.212,-0.6019,88.159,-3.976,-1.891,1,e2e,T1
summary_suppressed,2.5502759279988823,19.182,-0.6172,88.821,-4.036,-1.928,1,e2e,T1
summary_suppressed,2.6003682899972773,19.125,-0.6203,88.583,-4.04,-1.946,1,e2e,T1
summary_suppressed,2.6498999260002165,19.076,-0.634,87.586,-4.136,-1.974,1,e2e,T1
summary_suppressed,2.7000948399982008,19.024,-0.6439,87.586,-4.136,-1.983,1,e2e,T1
summary_suppressed,2.7504224099975545,18.981,-0.6594,86.935,-4.16,-1.984,1,e2e,T1
summary_suppressed,2.800093473000743,18.926,-0.6629,86.128,-4.21,-1.984,1,e2e,T1
summary_suppressed,2.850612968999485,18.862,-0.6903,85.257,-4.215,-1.976,1,e2e,T1
summary_suppressed,2.9001633019979636,18.798,-0.6841,84.609,-4.232,-1.963,1,e2e,T1
summary_suppressed,2.950483995999093,18.728,-0.6677,84.076,-4.208,-1.938,1,e2e,T1
summary_retained,-2.9504397279997647,21.547,-0.1571,0.0,0.0,0.0,0,cruise,T1
summary_retained,-2.8996993950022443,21.54,-0.1498,108.406,3.66,0.277,1,cruise,T1
summary_retained,-2.85019171300155,21.547,-0.1587,108.406,3.66,0.203,1,cruise,T1
summary_retained,-2.799931428999116,21.541,-0.1547,109.028,3.559,0.109,1,cruise,T1
summary_retained,-2.750365623000107,21.552,-0.1607,108.314,3.512,0.02,1,cruise,T1
summary_retained,-2.700086849999934,21.55,-0.1575,107.938,3.378,-0.093,1,cruise,T1
summary_retained,-2.6497863059994415,21.561,-0.1719,0.0,0.0,0.0,0,cruise,T1
summary_retained,-2.5998361780002597,21.561,-0.1709,0.0,0.0,0.0,0,cruise,T1
summary_retained,-2.5498162590010907,21.566,-0.173,0.0,0.0,0.0,0,cruise,T1
summary_retained,-2.5001476399993408,21.564,-0.1745,0.0,0.0,0.0,0,cruise,T1
summary_retained,-2.450091001999681,21.569,-0.1846,0.0,0.0,0.0,0,cruise,T1
summary_retained,-2.3993869700025243,21.562,-0.1731,0.0,0.0,0.0,0,cruise,T1
summary_retained,-2.349902882000606,21.562,-0.1704,0.0,0.0,0.0,0,cruise,T1
summary_retained,-2.2991848919991753,21.556,-0.1682,0.0,0.0,0.0,0,cruise,T1
summary_retained,-2.2496252830023877,21.552,-0.1628,0.0,0.0,0.0,0,cruise,T1
summary_retained,-2.1998009359995194,21.54,-0.156,0.0,0.0,0.0,0,cruise,T1
summary_retained,-2.1498353390015836,21.542,-0.1534,0.0,0.0,0.0,0,cruise,T1
summary_retained,-2.100092658001813,21.542,-0.1522,0.0,0.0,0.0,0,cruise,T1
summary_retained,-2.0499993539997377,21.537,-0.1503,92.826,0.895,-1.993,1,cruise,T1
summary_retained,-2.0000646949993097,21.539,-0.1546,92.826,0.895,-2.283,1,cruise,T1
summary_retained,-1.9502347240013478,21.538,-0.1482,90.687,0.737,-2.533,1,cruise,T1
summary_retained,-1.8997000160015887,21.535,-0.1467,0.0,0.0,0.0,0,cruise,T1
summary_retained,-1.8502693660011573,21.536,-0.1456,0.0,0.0,0.0,0,cruise,T1
summary_retained,-1.8001431970005797,21.544,-0.1535,0.0,0.0,0.0,0,cruise,T1
summary_retained,-1.7501928620004037,21.522,-0.1315,0.0,0.0,0.0,0,cruise,T1
summary_retained,-1.7001474740027334,21.532,-0.1439,0.0,0.0,0.0,0,cruise,T1
summary_retained,-1.6494368290004786,21.523,-0.1341,0.0,0.0,0.0,0,cruise,T1
summary_retained,-1.6000282099994365,21.521,-0.1329,0.0,0.0,0.0,0,cruise,T1
summary_retained,-1.5500667289998091,21.511,-0.1191,0.0,0.0,0.0,0,cruise,T1
summary_retained,-1.499770457001432,21.513,-0.125,0.0,0.0,0.0,0,cruise,T1
summary_retained,-1.4495442370025557,21.5,-0.1137,0.0,0.0,0.0,0,cruise,T1
summary_retained,-1.3997739010010264,21.494,-0.1068,0.0,0.0,0.0,0,cruise,T1
summary_retained,-1.3498905439992086,21.483,-0.0937,0.0,0.0,0.0,0,cruise,T1
summary_retained,-1.300001562001853,21.485,-0.0952,0.0,0.0,0.0,0,cruise,T1
summary_retained,-1.2499826330022188,21.475,-0.0856,0.0,0.0,0.0,0,cruise,T1
summary_retained,-1.1997072990016022,21.477,-0.0904,0.0,0.0,0.0,0,cruise,T1
summary_retained,-1.1495124850007414,21.47,-0.0826,0.0,0.0,0.0,0,cruise,T1
summary_retained,-1.0998268360017391,21.479,-0.0888,90.551,-2.219,-3.883,1,cruise,T1
summary_retained,-1.0501506149994384,21.472,-0.0851,91.264,-2.415,-3.856,1,cruise,T1
summary_retained,-1.0000247600000876,21.472,-0.0842,92.22,-2.623,-3.84,1,cruise,T1
summary_retained,-0.9504026009999507,21.466,-0.0803,92.795,-2.809,-3.825,1,cruise,T1
summary_retained,-0.8999200809994363,21.47,-0.079,93.302,-2.996,-3.813,1,cruise,T1
summary_retained,-0.8500893290001841,21.469,-0.081,93.899,-3.139,-3.788,1,cruise,T1
summary_retained,-0.7999244120001094,21.466,-0.0786,93.899,-3.139,-3.715,1,cruise,T1
summary_retained,-0.7498258490013541,21.458,-0.0724,95.287,-3.261,-3.639,1,cruise,T1
summary_retained,-0.7000741590018151,21.445,-0.0582,96.392,-3.377,-3.562,1,cruise,T1
summary_retained,-0.6497524200021871,21.398,-0.0205,96.932,-3.417,-3.47,1,cruise,T1
summary_retained,-0.5996364090024144,21.358,-0.0197,97.508,-3.51,-3.386,1,e2e,T1
summary_retained,-0.5499010210005508,21.33,-0.016,98.053,-3.578,-3.295,1,e2e,T1
summary_retained,-0.5001256860014109,21.284,-0.0305,98.053,-3.578,-3.189,1,e2e,T1
summary_retained,-0.450091288999829,21.242,-0.0423,99.197,-3.616,-3.077,1,e2e,T1
summary_retained,-0.3995494980008516,21.197,-0.0444,99.827,-3.594,-2.95,1,e2e,T1
summary_retained,-0.3502862440000172,21.136,-0.0739,100.708,-3.587,-2.817,1,lead0,T1
summary_retained,-0.30038351400071406,21.047,-0.131,100.975,-3.529,-2.677,1,lead0,T1
summary_retained,-0.24991489999956684,20.974,-0.182,100.977,-3.471,-2.53,1,lead0,T1
summary_retained,-0.20012081400273019,20.895,-0.2371,100.977,-3.471,-2.395,1,lead0,T1
summary_retained,-0.14967652300038026,20.811,-0.2891,101.886,-3.443,-2.266,1,lead0,T1
summary_retained,-0.09932316900085425,20.712,-0.34,102.408,-3.337,-2.128,1,lead0,T1
summary_retained,-0.0497508549997292,20.64,-0.3866,102.85,-3.301,-1.995,1,lead0,T1
summary_retained,0.0,20.559,-0.4291,103.738,-3.195,-1.85,1,lead0,T1
summary_retained,0.049969345000135945,20.49,-0.4672,104.574,-3.122,-1.706,1,lead0,T1
summary_retained,0.10027613499914878,20.426,-0.4996,104.574,-3.122,-1.583,1,lead0,T1
summary_retained,0.15014683399931528,20.368,-0.5266,103.96,-2.987,-1.438,1,lead0,T1
summary_retained,0.20004534499821602,20.302,-0.5493,103.504,-2.926,-1.301,1,lead0,T1
summary_retained,0.25003307400038466,20.231,-0.5662,102.926,-2.759,-1.142,1,lead0,T1
summary_retained,0.30041991699908976,20.169,-0.5783,102.158,-2.627,-0.977,1,lead0,T1
summary_retained,0.35042212599728373,20.112,-0.5841,101.922,-2.515,-0.814,1,lead0,T1
summary_retained,0.39995772099791793,20.058,-0.5846,101.922,-2.515,-0.683,1,lead0,T1
summary_retained,0.45017529399774503,19.991,-0.5791,102.579,-2.396,-0.552,1,lead0,T1
summary_retained,0.5000416689981648,19.938,-0.569,102.657,-2.282,-0.421,1,lead0,T1
summary_retained,0.5495930979996047,19.886,-0.5524,103.4,-2.188,-0.298,1,lead0,T1
summary_retained,0.6000099409975519,19.85,-0.5257,103.253,-2.102,-0.178,1,lead0,T1
summary_retained,0.649964544998511,19.813,-0.497,103.389,-2.025,-0.066,1,lead0,T1
summary_retained,0.6999623269985022,19.785,-0.4632,103.389,-2.025,0.018,1,lead0,T1
summary_retained,0.7501290139989578,19.762,-0.4256,103.674,-1.954,0.099,1,lead0,T1
summary_retained,0.799897630000487,19.735,-0.3847,104.042,-1.842,0.187,1,lead0,T1
summary_retained,0.8499648379984137,19.72,-0.3398,104.436,-1.7,0.293,1,lead0,T1
summary_retained,0.8998920470003213,19.689,-0.2913,104.811,-1.57,0.405,1,lead0,T1
summary_retained,0.9501487329980591,19.673,-0.2782,104.048,-1.431,0.524,1,e2e,T1
summary_retained,1.0000791700003901,19.647,-0.269,104.048,-1.431,0.608,1,e2e,T1
summary_retained,1.0504422609992616,19.629,-0.2799,103.175,-1.337,0.689,1,e2e,T1
summary_retained,1.100325093997526,19.613,-0.3287,102.38,-1.323,0.744,1,e2e,T1
summary_retained,1.1500818860004074,19.599,-0.3759,101.295,-1.319,0.775,1,e2e,T1
summary_retained,1.2003137809988402,19.586,-0.3989,100.074,-1.406,0.761,1,e2e,T1
summary_retained,1.2501887489997898,19.572,-0.4239,98.97,-1.445,0.722,1,e2e,T1
summary_retained,1.2999000199997681,19.571,-0.4423,98.97,-1.445,0.68,1,e2e,T1
summary_retained,1.3504634239980078,19.551,-0.4596,98.349,-1.521,0.61,1,e2e,T1
summary_retained,1.4000095400006103,19.538,-0.4722,97.585,-1.563,0.528,1,e2e,T1
summary_retained,1.4497674249978445,19.53,-0.4778,96.898,-1.639,0.429,1,e2e,T1
summary_retained,1.4997917679975217,19.533,-0.5056,95.775,-1.822,0.291,1,e2e,T1
summary_retained,1.550139183000283,19.528,-0.5207,95.775,-1.822,0.174,1,e2e,T1
summary_retained,1.6002098799981468,19.514,-0.5246,94.77,-1.943,0.036,1,e2e,T1
summary_retained,1.649903858997277,19.517,-0.5284,94.52,-2.14,-0.133,1,e2e,T1
summary_retained,1.7002405969979009,19.52,-0.534,94.512,-2.271,-0.306,1,e2e,T1
summary_retained,1.7500431699991168,19.529,-0.5408,93.992,-2.407,-0.478,1,e2e,T1
summary_retained,1.8000368360007997,19.525,-0.5308,93.992,-2.407,-0.611,1,e2e,T1
summary_retained,1.85019820999878,19.534,-0.4859,93.411,-2.585,-0.761,1,e2e,T1
summary_retained,1.9003433329999098,19.532,-0.4729,92.614,-2.723,-0.911,1,e2e,T1
summary_retained,1.9502343429994653,19.526,-0.4608,91.89,-2.884,-1.069,1,e2e,T1
summary_retained,1.9999916550004855,19.524,-0.4456,91.429,-3.003,-1.217,1,e2e,T1
summary_retained,2.0499088100004883,19.503,-0.4528,90.882,-3.151,-1.368,1,e2e,T1
summary_retained,2.1014180940001097,19.492,-0.4509,90.882,-3.151,-1.475,1,e2e,T1
summary_retained,2.150349887997436,19.477,-0.4447,90.482,-3.294,-1.586,1,e2e,T1
summary_retained,2.200243032999424,19.451,-0.4319,90.326,-3.403,-1.692,1,e2e,T1
summary_retained,2.250207531000342,19.406,-0.4023,89.596,-3.482,-1.788,1,e2e,T1
summary_retained,2.3003783829990425,19.373,-0.453,88.778,-3.53,-1.865,1,e2e,T1
summary_retained,2.3504681939994043,19.335,-0.4833,88.741,-3.585,-1.926,1,e2e,T1
summary_retained,2.399931079999078,19.295,-0.5105,88.741,-3.585,-1.961,1,e2e,T1
summary_retained,2.4500236509993556,19.26,-0.5598,88.383,-3.694,-2.003,1,e2e,T1
summary_retained,2.500072523998824,19.212,-0.6019,88.317,-3.773,-2.045,1,e2e,T1
summary_retained,2.5502759279988823,19.182,-0.6172,88.974,-3.841,-2.078,1,e2e,T1
summary_retained,2.6003682899972773,19.125,-0.6203,88.731,-3.852,-2.093,1,e2e,T1
summary_retained,2.6498999260002165,19.076,-0.634,87.729,-3.955,-2.119,1,e2e,T1
summary_retained,2.7000948399982008,19.024,-0.6439,87.729,-3.955,-2.124,1,e2e,T1
summary_retained,2.7504224099975545,18.981,-0.6594,87.073,-3.985,-2.121,1,e2e,T1
summary_retained,2.800093473000743,18.926,-0.6629,86.26,-4.042,-2.118,1,e2e,T1
summary_retained,2.850612968999485,18.862,-0.6903,85.386,-4.054,-2.108,1,e2e,T1
summary_retained,2.9001633019979636,18.798,-0.6841,84.734,-4.079,-2.094,1,e2e,T1
summary_retained,2.950483995999093,18.728,-0.6677,84.196,-4.062,-2.068,1,e2e,T1
fused,-2.9504397279997647,21.547,-0.1571,0.0,0.0,0.0,0,cruise,T1
fused,-2.8996993950022443,21.54,-0.1498,108.406,3.66,0.277,1,cruise,T1
fused,-2.85019171300155,21.547,-0.1587,108.406,3.66,0.203,1,cruise,T1
fused,-2.799931428999116,21.541,-0.1547,109.028,3.559,0.109,1,cruise,T1
fused,-2.750365623000107,21.552,-0.1607,108.314,3.512,0.02,1,cruise,T1
fused,-2.700086849999934,21.55,-0.1575,107.938,3.378,-0.093,1,cruise,T1
fused,-2.6497863059994415,21.561,-0.1719,0.0,0.0,0.0,0,cruise,T1
fused,-2.5998361780002597,21.561,-0.1709,0.0,0.0,0.0,0,cruise,T1
fused,-2.5498162590010907,21.566,-0.173,0.0,0.0,0.0,0,cruise,T1
fused,-2.5001476399993408,21.564,-0.1745,0.0,0.0,0.0,0,cruise,T1
fused,-2.450091001999681,21.569,-0.1846,0.0,0.0,0.0,0,cruise,T1
fused,-2.3993869700025243,21.562,-0.1731,0.0,0.0,0.0,0,cruise,T1
fused,-2.349902882000606,21.562,-0.1704,0.0,0.0,0.0,0,cruise,T1
fused,-2.2991848919991753,21.556,-0.1682,0.0,0.0,0.0,0,cruise,T1
fused,-2.2496252830023877,21.552,-0.1628,0.0,0.0,0.0,0,cruise,T1
fused,-2.1998009359995194,21.54,-0.156,0.0,0.0,0.0,0,cruise,T1
fused,-2.1498353390015836,21.542,-0.1534,0.0,0.0,0.0,0,cruise,T1
fused,-2.100092658001813,21.542,-0.1522,0.0,0.0,0.0,0,cruise,T1
fused,-2.0499993539997377,21.537,-0.1503,92.826,0.895,-1.993,1,cruise,T1
fused,-2.0000646949993097,21.539,-0.1546,92.826,0.895,-2.283,1,cruise,T1
fused,-1.9502347240013478,21.538,-0.1482,90.687,0.737,-2.533,1,cruise,T1
fused,-1.8997000160015887,21.535,-0.1467,0.0,0.0,0.0,0,cruise,T1
fused,-1.8502693660011573,21.536,-0.1456,0.0,0.0,0.0,0,cruise,T1
fused,-1.8001431970005797,21.544,-0.1535,0.0,0.0,0.0,0,cruise,T1
fused,-1.7501928620004037,21.522,-0.1315,0.0,0.0,0.0,0,cruise,T1
fused,-1.7001474740027334,21.532,-0.1439,0.0,0.0,0.0,0,cruise,T1
fused,-1.6494368290004786,21.523,-0.1341,0.0,0.0,0.0,0,cruise,T1
fused,-1.6000282099994365,21.521,-0.1329,0.0,0.0,0.0,0,cruise,T1
fused,-1.5500667289998091,21.511,-0.1191,0.0,0.0,0.0,0,cruise,T1
fused,-1.499770457001432,21.513,-0.125,0.0,0.0,0.0,0,cruise,T1
fused,-1.4495442370025557,21.5,-0.1137,0.0,0.0,0.0,0,cruise,T1
fused,-1.3997739010010264,21.494,-0.1068,0.0,0.0,0.0,0,cruise,T1
fused,-1.3498905439992086,21.483,-0.0937,0.0,0.0,0.0,0,cruise,T1
fused,-1.300001562001853,21.485,-0.0952,0.0,0.0,0.0,0,cruise,T1
fused,-1.2499826330022188,21.475,-0.0856,0.0,0.0,0.0,0,cruise,T1
fused,-1.1997072990016022,21.477,-0.0904,0.0,0.0,0.0,0,cruise,T1
fused,-1.1495124850007414,21.47,-0.0826,0.0,0.0,0.0,0,cruise,T1
fused,-1.0998268360017391,21.479,-0.0888,90.551,-2.219,-3.883,1,cruise,T1
fused,-1.0501506149994384,21.472,-0.0851,91.264,-2.415,-3.856,1,cruise,T1
fused,-1.0000247600000876,21.472,-0.0842,92.22,-2.623,-3.84,1,cruise,T1
fused,-0.9504026009999507,21.466,-0.0803,92.795,-2.809,-3.825,1,cruise,T1
fused,-0.8999200809994363,21.47,-0.079,93.302,-2.996,-3.813,1,cruise,T1
fused,-0.8500893290001841,21.469,-0.081,93.899,-3.139,-3.788,1,cruise,T1
fused,-0.7999244120001094,21.466,-0.0786,93.899,-3.139,-3.715,1,cruise,T1
fused,-0.7498258490013541,21.458,-0.0724,95.287,-3.261,-3.639,1,cruise,T1
fused,-0.7000741590018151,21.445,-0.0582,96.392,-3.377,-3.562,1,cruise,T1
fused,-0.6497524200021871,21.398,-0.0205,96.932,-3.417,-3.47,1,cruise,T1
fused,-0.5996364090024144,21.358,-0.0197,97.508,-3.51,-3.386,1,e2e,T1
fused,-0.5499010210005508,21.33,-0.016,98.053,-3.578,-3.295,1,e2e,T1
fused,-0.5001256860014109,21.284,-0.0305,98.053,-3.578,-3.189,1,e2e,T1
fused,-0.450091288999829,21.242,-0.0423,99.197,-3.616,-3.077,1,e2e,T1
fused,-0.3995494980008516,21.197,-0.0444,99.827,-3.594,-2.95,1,e2e,T1
fused,-0.3502862440000172,21.136,-0.0739,100.708,-3.587,-2.817,1,lead0,T1
fused,-0.30038351400071406,21.047,-0.131,100.975,-3.529,-2.677,1,lead0,T1
fused,-0.24991489999956684,20.974,-0.182,100.977,-3.471,-2.53,1,lead0,T1
fused,-0.20012081400273019,20.895,-0.2371,100.977,-3.471,-2.395,1,lead0,T1
fused,-0.14967652300038026,20.811,-0.2891,101.886,-3.443,-2.266,1,lead0,T1
fused,-0.09932316900085425,20.712,-0.34,102.408,-3.337,-2.128,1,lead0,T1
fused,-0.0497508549997292,20.64,-0.3866,102.85,-3.301,-1.995,1,lead0,T1
fused,0.0,20.559,-0.4291,103.738,-3.195,-1.85,1,lead0,T1
fused,0.049969345000135945,20.49,-0.4672,104.574,-3.122,-1.706,1,lead0,T1
fused,0.10027613499914878,20.426,-0.4996,104.574,-3.122,-1.583,1,lead0,T1
fused,0.15014683399931528,20.368,-0.5266,103.96,-2.987,-1.438,1,lead0,T1
fused,0.20004534499821602,20.302,-0.5493,103.504,-2.926,-1.301,1,lead0,T1
fused,0.25003307400038466,20.231,-0.5662,102.926,-2.759,-1.142,1,lead0,T1
fused,0.30041991699908976,20.169,-0.5783,102.158,-2.627,-0.977,1,lead0,T1
fused,0.35042212599728373,20.112,-0.5841,101.922,-2.515,-0.814,1,lead0,T1
fused,0.39995772099791793,20.058,-0.5846,101.922,-2.515,-0.683,1,lead0,T1
fused,0.45017529399774503,19.991,-0.5791,102.579,-2.396,-0.552,1,lead0,T1
fused,0.5000416689981648,19.938,-0.569,102.657,-2.282,-0.421,1,lead0,T1
fused,0.5495930979996047,19.886,-0.5524,103.4,-2.188,-0.298,1,lead0,T1
fused,0.6000099409975519,19.85,-0.5257,103.253,-2.102,-0.178,1,lead0,T1
fused,0.649964544998511,19.813,-0.497,103.389,-2.025,-0.066,1,lead0,T1
fused,0.6999623269985022,19.785,-0.4632,103.389,-2.025,0.018,1,lead0,T1
fused,0.7501290139989578,19.762,-0.4256,103.674,-1.954,0.099,1,lead0,T1
fused,0.799897630000487,19.735,-0.3847,104.042,-1.842,0.187,1,lead0,T1
fused,0.8499648379984137,19.72,-0.3398,104.436,-1.7,0.293,1,lead0,T1
fused,0.8998920470003213,19.689,-0.2913,104.811,-1.57,0.405,1,lead0,T1
fused,0.9501487329980591,19.673,-0.2782,104.048,-1.431,0.524,1,e2e,T1
fused,1.0000791700003901,19.647,-0.269,104.048,-1.431,0.608,1,e2e,T1
fused,1.0504422609992616,19.629,-0.2799,103.175,-1.337,0.689,1,e2e,T1
fused,1.100325093997526,19.613,-0.3287,102.38,-1.323,0.744,1,e2e,T1
fused,1.1500818860004074,19.599,-0.3759,101.295,-1.319,0.775,1,e2e,T1
fused,1.2003137809988402,19.586,-0.3989,100.074,-1.406,0.761,1,e2e,T1
fused,1.2501887489997898,19.572,-0.4239,98.97,-1.445,0.722,1,e2e,T1
fused,1.2999000199997681,19.571,-0.4423,98.97,-1.445,0.68,1,e2e,T1
fused,1.3504634239980078,19.551,-0.4596,98.349,-1.521,0.61,1,e2e,T1
fused,1.4000095400006103,19.538,-0.4722,97.585,-1.563,0.528,1,e2e,T1
fused,1.4497674249978445,19.53,-0.4778,96.898,-1.639,0.429,1,e2e,T1
fused,1.4997917679975217,19.533,-0.5056,95.775,-1.822,0.291,1,e2e,T1
fused,1.550139183000283,19.528,-0.5207,95.775,-1.822,0.174,1,e2e,T1
fused,1.6002098799981468,19.514,-0.5246,94.77,-1.943,0.036,1,e2e,T1
fused,1.649903858997277,19.517,-0.5284,94.52,-2.14,-0.133,1,e2e,T1
fused,1.7002405969979009,19.52,-0.534,94.512,-2.271,-0.306,1,e2e,T1
fused,1.7500431699991168,19.529,-0.5408,93.992,-2.407,-0.478,1,e2e,T1
fused,1.8000368360007997,19.525,-0.5308,93.992,-2.407,-0.611,1,e2e,T1
fused,1.85019820999878,19.534,-0.4859,93.411,-2.585,-0.761,1,e2e,T1
fused,1.9003433329999098,19.532,-0.4729,92.614,-2.723,-0.911,1,e2e,T1
fused,1.9502343429994653,19.526,-0.4608,91.89,-2.884,-1.069,1,e2e,T1
fused,1.9999916550004855,19.524,-0.4456,91.429,-3.003,-1.217,1,e2e,T1
fused,2.0499088100004883,19.503,-0.4528,90.882,-3.151,-1.368,1,e2e,T1
fused,2.1014180940001097,19.492,-0.4509,90.882,-3.151,-1.475,1,e2e,T1
fused,2.150349887997436,19.477,-0.4447,90.482,-3.294,-1.586,1,e2e,T1
fused,2.200243032999424,19.451,-0.4319,90.326,-3.403,-1.692,1,e2e,T1
fused,2.250207531000342,19.406,-0.4023,89.596,-3.482,-1.788,1,e2e,T1
fused,2.3003783829990425,19.373,-0.453,88.778,-3.53,-1.865,1,e2e,T1
fused,2.3504681939994043,19.335,-0.4833,88.741,-3.585,-1.926,1,e2e,T1
fused,2.399931079999078,19.295,-0.5105,88.741,-3.585,-1.961,1,e2e,T1
fused,2.4500236509993556,19.26,-0.5598,88.383,-3.694,-2.003,1,e2e,T1
fused,2.500072523998824,19.212,-0.6019,88.317,-3.773,-2.045,1,e2e,T1
fused,2.5502759279988823,19.182,-0.6172,88.974,-3.841,-2.078,1,e2e,T1
fused,2.6003682899972773,19.125,-0.6203,88.731,-3.852,-2.093,1,e2e,T1
fused,2.6498999260002165,19.076,-0.634,87.729,-3.955,-2.119,1,e2e,T1
fused,2.7000948399982008,19.024,-0.6439,87.729,-3.955,-2.124,1,e2e,T1
fused,2.7504224099975545,18.981,-0.6594,87.073,-3.985,-2.121,1,e2e,T1
fused,2.800093473000743,18.926,-0.6629,86.26,-4.042,-2.118,1,e2e,T1
fused,2.850612968999485,18.862,-0.6903,85.386,-4.054,-2.108,1,e2e,T1
fused,2.9001633019979636,18.798,-0.6841,84.734,-4.079,-2.094,1,e2e,T1
fused,2.950483995999093,18.728,-0.6677,84.196,-4.062,-2.068,1,e2e,T1
vision,-2.9504397279997647,21.547,-0.1571,0.0,0.0,0.0,0,cruise,camera identity unresolved
vision,-2.8996993950022443,21.54,-0.1498,102.195,-0.441,-0.01,0,cruise,camera identity unresolved
vision,-2.85019171300155,21.547,-0.1587,103.922,-0.34,-0.023,0,cruise,camera identity unresolved
vision,-2.799931428999116,21.541,-0.1547,108.1,-0.31,-0.012,0,cruise,camera identity unresolved
vision,-2.750365623000107,21.552,-0.1607,104.701,-0.634,-0.014,0,cruise,camera identity unresolved
vision,-2.700086849999934,21.55,-0.1575,106.966,-0.887,-0.013,0,cruise,camera identity unresolved
vision,-2.6497863059994415,21.561,-0.1719,0.0,0.0,0.0,0,cruise,camera identity unresolved
vision,-2.5998361780002597,21.561,-0.1709,0.0,0.0,0.0,0,cruise,camera identity unresolved
vision,-2.5498162590010907,21.566,-0.173,0.0,0.0,0.0,0,cruise,camera identity unresolved
vision,-2.5001476399993408,21.564,-0.1745,0.0,0.0,0.0,0,cruise,camera identity unresolved
vision,-2.450091001999681,21.569,-0.1846,0.0,0.0,0.0,0,cruise,camera identity unresolved
vision,-2.3993869700025243,21.562,-0.1731,0.0,0.0,0.0,0,cruise,camera identity unresolved
vision,-2.349902882000606,21.562,-0.1704,0.0,0.0,0.0,0,cruise,camera identity unresolved
vision,-2.2991848919991753,21.556,-0.1682,0.0,0.0,0.0,0,cruise,camera identity unresolved
vision,-2.2496252830023877,21.552,-0.1628,0.0,0.0,0.0,0,cruise,camera identity unresolved
vision,-2.1998009359995194,21.54,-0.156,0.0,0.0,0.0,0,cruise,camera identity unresolved
vision,-2.1498353390015836,21.542,-0.1534,0.0,0.0,0.0,0,cruise,camera identity unresolved
vision,-2.100092658001813,21.542,-0.1522,0.0,0.0,0.0,0,cruise,camera identity unresolved
vision,-2.0499993539997377,21.537,-0.1503,110.841,-3.325,-0.15,0,cruise,camera identity unresolved
vision,-2.0000646949993097,21.539,-0.1546,112.622,-2.551,-0.067,0,cruise,camera identity unresolved
vision,-1.9502347240013478,21.538,-0.1482,113.732,-2.937,-0.103,0,cruise,camera identity unresolved
vision,-1.8997000160015887,21.535,-0.1467,0.0,0.0,0.0,0,cruise,camera identity unresolved
vision,-1.8502693660011573,21.536,-0.1456,0.0,0.0,0.0,0,cruise,camera identity unresolved
vision,-1.8001431970005797,21.544,-0.1535,0.0,0.0,0.0,0,cruise,camera identity unresolved
vision,-1.7501928620004037,21.522,-0.1315,0.0,0.0,0.0,0,cruise,camera identity unresolved
vision,-1.7001474740027334,21.532,-0.1439,0.0,0.0,0.0,0,cruise,camera identity unresolved
vision,-1.6494368290004786,21.523,-0.1341,0.0,0.0,0.0,0,cruise,camera identity unresolved
vision,-1.6000282099994365,21.521,-0.1329,0.0,0.0,0.0,0,cruise,camera identity unresolved
vision,-1.5500667289998091,21.511,-0.1191,0.0,0.0,0.0,0,cruise,camera identity unresolved
vision,-1.499770457001432,21.513,-0.125,0.0,0.0,0.0,0,cruise,camera identity unresolved
vision,-1.4495442370025557,21.5,-0.1137,0.0,0.0,0.0,0,cruise,camera identity unresolved
vision,-1.3997739010010264,21.494,-0.1068,0.0,0.0,0.0,0,cruise,camera identity unresolved
vision,-1.3498905439992086,21.483,-0.0937,0.0,0.0,0.0,0,cruise,camera identity unresolved
vision,-1.300001562001853,21.485,-0.0952,0.0,0.0,0.0,0,cruise,camera identity unresolved
vision,-1.2499826330022188,21.475,-0.0856,0.0,0.0,0.0,0,cruise,camera identity unresolved
vision,-1.1997072990016022,21.477,-0.0904,0.0,0.0,0.0,0,cruise,camera identity unresolved
vision,-1.1495124850007414,21.47,-0.0826,0.0,0.0,0.0,0,cruise,camera identity unresolved
vision,-1.0998268360017391,21.479,-0.0888,113.057,-2.49,-0.088,0,cruise,camera identity unresolved
vision,-1.0501506149994384,21.472,-0.0851,114.373,-2.446,-0.089,0,cruise,camera identity unresolved
vision,-1.0000247600000876,21.472,-0.0842,111.626,-2.831,-0.066,0,cruise,camera identity unresolved
vision,-0.9504026009999507,21.466,-0.0803,109.472,-2.522,-0.075,0,cruise,camera identity unresolved
vision,-0.8999200809994363,21.47,-0.079,113.594,-2.457,-0.054,0,cruise,camera identity unresolved
vision,-0.8500893290001841,21.469,-0.081,110.854,-2.071,-0.061,0,cruise,camera identity unresolved
vision,-0.7999244120001094,21.466,-0.0786,112.487,-2.795,-0.023,0,cruise,camera identity unresolved
vision,-0.7498258490013541,21.458,-0.0724,114.165,-2.971,-0.136,0,cruise,camera identity unresolved
vision,-0.7000741590018151,21.445,-0.0582,108.823,-2.761,-0.113,0,cruise,camera identity unresolved
vision,-0.6497524200021871,21.398,-0.0205,107.747,-2.977,-0.115,0,cruise,camera identity unresolved
vision,-0.5996364090024144,21.358,-0.0197,105.531,-2.865,-0.121,0,e2e,camera identity unresolved
vision,-0.5499010210005508,21.33,-0.016,110.01,-2.55,-0.092,0,e2e,camera identity unresolved
vision,-0.5001256860014109,21.284,-0.0305,110.893,-3.876,-0.336,0,e2e,camera identity unresolved
vision,-0.450091288999829,21.242,-0.0423,105.684,-3.384,-0.282,0,e2e,camera identity unresolved
vision,-0.3995494980008516,21.197,-0.0444,110.513,-2.601,-0.099,0,e2e,camera identity unresolved
vision,-0.3502862440000172,21.136,-0.0521,111.266,-2.984,-0.127,0,e2e,camera identity unresolved
vision,-0.30038351400071406,21.047,-0.0526,110.539,-3.312,-0.203,0,e2e,camera identity unresolved
vision,-0.24991489999956684,20.974,-0.0593,116.996,-2.928,-0.194,0,e2e,camera identity unresolved
vision,-0.20012081400273019,20.895,-0.0692,115.883,-2.18,-0.058,0,e2e,camera identity unresolved
vision,-0.14967652300038026,20.811,-0.094,112.601,-2.645,-0.062,0,e2e,camera identity unresolved
vision,-0.09932316900085425,20.712,-0.0971,111.016,-2.104,-0.052,0,e2e,camera identity unresolved
vision,-0.0497508549997292,20.64,-0.1094,109.553,-2.264,-0.174,0,e2e,camera identity unresolved
vision,0.0,20.559,-0.1321,111.891,-2.436,-0.109,0,e2e,camera identity unresolved
vision,0.049969345000135945,20.49,-0.1492,108.413,-2.296,-0.149,0,e2e,camera identity unresolved
vision,0.10027613499914878,20.426,-0.1454,105.771,-1.366,-0.059,0,e2e,camera identity unresolved
vision,0.15014683399931528,20.368,-0.1317,108.1,-0.749,-0.02,0,e2e,camera identity unresolved
vision,0.20004534499821602,20.302,-0.1266,110.902,-1.412,0.024,0,e2e,camera identity unresolved
vision,0.25003307400038466,20.231,-0.1333,112.284,-2.039,0.039,0,e2e,camera identity unresolved
vision,0.30041991699908976,20.169,-0.1271,111.668,-0.927,0.066,0,e2e,camera identity unresolved
vision,0.35042212599728373,20.112,-0.1223,114.38,-1.141,0.136,0,e2e,camera identity unresolved
vision,0.39995772099791793,20.058,-0.1205,112.461,-1.393,0.146,0,e2e,camera identity unresolved
vision,0.45017529399774503,19.991,-0.1219,111.32,-0.887,-0.018,0,e2e,camera identity unresolved
vision,0.5000416689981648,19.938,-0.1261,109.785,-0.913,0.008,0,e2e,camera identity unresolved
vision,0.5495930979996047,19.886,-0.1437,110.432,-1.79,-0.124,0,e2e,camera identity unresolved
vision,0.6000099409975519,19.85,-0.1537,104.042,-0.652,-0.085,0,e2e,camera identity unresolved
vision,0.649964544998511,19.813,-0.1655,100.446,-1.263,-0.171,0,e2e,camera identity unresolved
vision,0.6999623269985022,19.785,-0.1876,103.061,-1.725,-0.338,0,e2e,camera identity unresolved
vision,0.7501290139989578,19.762,-0.2292,103.216,-2.567,-0.212,0,e2e,camera identity unresolved
vision,0.799897630000487,19.735,-0.2401,103.123,-2.141,-0.109,0,e2e,camera identity unresolved
vision,0.8499648379984137,19.72,-0.225,104.93,-1.428,-0.095,0,e2e,camera identity unresolved
vision,0.8998920470003213,19.689,-0.2521,97.351,-3.021,-0.757,0,e2e,camera identity unresolved
vision,0.9501487329980591,19.673,-0.2782,95.462,-2.804,-0.5,0,e2e,camera identity unresolved
vision,1.0000791700003901,19.647,-0.269,94.725,-2.003,-0.353,0,e2e,camera identity unresolved
vision,1.0504422609992616,19.629,-0.2799,93.771,-3.047,-0.503,0,e2e,camera identity unresolved
vision,1.100325093997526,19.613,-0.3287,98.828,-7.322,-1.36,0,e2e,camera identity unresolved
vision,1.1500818860004074,19.599,-0.3759,95.474,-6.073,-1.286,0,e2e,camera identity unresolved
vision,1.2003137809988402,19.586,-0.3989,96.496,-6.333,-1.124,0,e2e,camera identity unresolved
vision,1.2501887489997898,19.572,-0.4239,93.764,-5.501,-1.221,0,e2e,camera identity unresolved
vision,1.2999000199997681,19.571,-0.4423,91.59,-4.967,-0.902,0,e2e,camera identity unresolved
vision,1.3504634239980078,19.551,-0.4596,89.809,-6.096,-0.76,0,e2e,camera identity unresolved
vision,1.4000095400006103,19.538,-0.4722,91.511,-5.853,-0.914,0,e2e,camera identity unresolved
vision,1.4497674249978445,19.53,-0.4778,88.817,-5.145,-0.685,0,e2e,camera identity unresolved
vision,1.4997917679975217,19.533,-0.5056,91.523,-6.213,-1.246,0,e2e,camera identity unresolved
vision,1.550139183000283,19.528,-0.5207,95.143,-6.361,-1.304,0,e2e,camera identity unresolved
vision,1.6002098799981468,19.514,-0.5246,91.421,-5.683,-1.197,0,e2e,camera identity unresolved
vision,1.649903858997277,19.517,-0.5284,94.46,-4.883,-1.103,0,e2e,camera identity unresolved
vision,1.7002405969979009,19.52,-0.534,92.075,-4.921,-1.076,0,e2e,camera identity unresolved
vision,1.7500431699991168,19.529,-0.5408,94.205,-5.728,-1.148,0,e2e,camera identity unresolved
vision,1.8000368360007997,19.525,-0.5308,92.464,-3.948,-0.99,0,e2e,camera identity unresolved
vision,1.85019820999878,19.534,-0.4859,94.29,-2.499,-0.508,0,e2e,camera identity unresolved
vision,1.9003433329999098,19.532,-0.4729,93.17,-2.876,-0.667,0,e2e,camera identity unresolved
vision,1.9502343429994653,19.526,-0.4608,93.719,-2.478,-0.631,0,e2e,camera identity unresolved
vision,1.9999916550004855,19.524,-0.4456,95.661,-2.731,-0.707,0,e2e,camera identity unresolved
vision,2.0499088100004883,19.503,-0.4528,88.426,-2.697,-0.642,0,e2e,camera identity unresolved
vision,2.1014180940001097,19.492,-0.4509,87.199,-1.97,-0.443,0,e2e,camera identity unresolved
vision,2.150349887997436,19.477,-0.4447,87.306,-2.274,-0.562,0,e2e,camera identity unresolved
vision,2.200243032999424,19.451,-0.4319,88.022,-2.588,-0.797,0,e2e,camera identity unresolved
vision,2.250207531000342,19.406,-0.4023,85.295,-1.142,-0.245,0,e2e,camera identity unresolved
vision,2.3003783829990425,19.373,-0.453,89.768,-6.847,-1.367,0,e2e,camera identity unresolved
vision,2.3504681939994043,19.335,-0.4833,91.823,-6.879,-1.285,0,e2e,camera identity unresolved
vision,2.399931079999078,19.295,-0.5105,92.601,-7.95,-1.252,0,e2e,camera identity unresolved
vision,2.4500236509993556,19.26,-0.5598,88.813,-8.02,-1.36,0,e2e,camera identity unresolved
vision,2.500072523998824,19.212,-0.6019,89.59,-10.091,-1.437,0,e2e,camera identity unresolved
vision,2.5502759279988823,19.182,-0.6172,89.974,-8.414,-1.405,0,e2e,camera identity unresolved
vision,2.6003682899972773,19.125,-0.6203,89.158,-6.23,-1.334,0,e2e,camera identity unresolved
vision,2.6498999260002165,19.076,-0.634,88.929,-7.373,-1.445,0,e2e,camera identity unresolved
vision,2.7000948399982008,19.024,-0.6439,87.92,-6.636,-1.465,0,e2e,camera identity unresolved
vision,2.7504224099975545,18.981,-0.6594,90.221,-8.862,-1.634,0,e2e,camera identity unresolved
vision,2.800093473000743,18.926,-0.6629,92.561,-7.799,-1.477,0,e2e,camera identity unresolved
vision,2.850612968999485,18.862,-0.6903,94.48,-10.933,-1.405,0,e2e,camera identity unresolved
vision,2.9001633019979636,18.798,-0.6841,94.565,-9.063,-1.569,0,e2e,camera identity unresolved
vision,2.950483995999093,18.728,-0.6677,93.813,-7.497,-1.186,0,e2e,camera identity unresolved
